method,family,seed,split,point_id,projector_error,e1_abs_error,e2_abs_error,trace_abs_error,residual_rms,orthogonality_error,hermiticity_defect_raw,internal_gap,external_gap,trial_rank,route,tail_ratio,latency_ms
fourier_shell2,harmonic_honeycomb,42,iid_hidden,v3-pilot-harmonic_honeycomb-iid-000,0.009143312845081807,0.00022901315242052078,0.0001661553978919983,0.0003951685503125191,0.015877820551395416,1.3077142357875715e-07,1.4965043249048904e-07,0.03607408623350758,0.21578235088138303,19,not_applicable,nan,18.386583775281906
kinetic_fourier21,harmonic_honeycomb,42,iid_hidden,v3-pilot-harmonic_honeycomb-iid-000,0.0033610204984910043,3.768410533666611e-05,3.2942742109298706e-05,7.062684744596481e-05,0.007456825580447912,8.348435054372771e-08,3.028561934570462e-07,0.03607408623350758,0.21578235088138303,21,not_applicable,nan,20.768415881320834
kinetic_fourier25,harmonic_honeycomb,42,iid_hidden,v3-pilot-harmonic_honeycomb-iid-000,0.0018959311436624706,8.732080459594727e-06,1.4640390872955322e-05,2.337247133255005e-05,0.004430616740137339,3.182703889326177e-08,2.4606276838312624e-07,0.03607408623350758,0.21578235088138303,25,not_applicable,nan,28.349375119432807
fourier_shell3,harmonic_honeycomb,42,iid_hidden,v3-pilot-harmonic_honeycomb-iid-000,0.0001557990821329341,6.966292858123779e-07,4.507601261138916e-07,1.1473894119262695e-06,0.001169924857094884,9.528994349139452e-08,2.9477797625077073e-07,0.03607408623350758,0.21578235088138303,37,not_applicable,nan,61.471667140722275
wang_xie_adapted,harmonic_honeycomb,42,iid_hidden,v3-pilot-harmonic_honeycomb-iid-000,0.09128952248704347,0.005075981840491295,0.009071730077266693,0.014147711917757988,0.0628226175904274,9.644373477613044e-08,1.5984781498445955e-07,0.03607408623350758,0.21578235088138303,2,not_applicable,nan,1.231249887496233
dai_adapted,harmonic_honeycomb,42,iid_hidden,v3-pilot-harmonic_honeycomb-iid-000,0.225250686084587,0.034931495785713196,0.04080665856599808,0.07573815435171127,0.2398681789636612,1.483895453180395e-07,0.00011704150529112667,0.03607408623350758,0.21578235088138303,6,not_applicable,nan,132.8091248869896
long_anchor,harmonic_honeycomb,42,iid_hidden,v3-pilot-harmonic_honeycomb-iid-000,0.09853122683753689,0.0052339425310492516,0.011294730007648468,0.016528673470020294,0.0683198943734169,4.044198997910087e-08,2.1693932694688556e-07,0.03607408623350758,0.21578235088138303,2,not_applicable,nan,0.9410420898348093
sc_narr_shell1,harmonic_honeycomb,42,iid_hidden,v3-pilot-harmonic_honeycomb-iid-000,0.027890327053160538,0.0008248500525951385,0.0012528151273727417,0.0020776651799678802,0.030152641236782074,9.937176748131549e-08,2.4464179659844376e-07,0.03607408623350758,0.21578235088138303,9,not_applicable,nan,37.369958125054836
sc_narr,harmonic_honeycomb,42,iid_hidden,v3-pilot-harmonic_honeycomb-iid-000,0.004661638185421399,6.101652979850769e-05,6.669387221336365e-05,0.00012771040201187134,0.010087688453495502,4.7576317996345097e-08,3.2896761581469036e-07,0.03607408623350758,0.21578235088138303,21,not_applicable,nan,53.658457938581705
sc_hybrid25,harmonic_honeycomb,42,iid_hidden,v3-pilot-harmonic_honeycomb-iid-000,0.0022600026668053424,1.7550773918628693e-05,1.6734004020690918e-05,3.428477793931961e-05,0.005482788197696209,6.179130962458146e-08,1.853688758046701e-07,0.03607408623350758,0.21578235088138303,25,not_applicable,nan,60.996459098532796
sr_routed25,harmonic_honeycomb,42,iid_hidden,v3-pilot-harmonic_honeycomb-iid-000,0.0018959311436624706,8.732080459594727e-06,1.4640390872955322e-05,2.337247133255005e-05,0.004430616740137339,3.182703889326177e-08,2.4606276838312624e-07,0.03607408623350758,0.21578235088138303,25,fourier,3.242802280498634e-14,34.7202920820564
kinetic_fourier21,harmonic_honeycomb,42,iid_hidden,v3-pilot-harmonic_honeycomb-iid-001,0.019531559837705898,0.001779019832611084,0.0007949769496917725,0.0025739967823028564,0.04844827204942703,4.1647702397895614e-08,1.116663739253454e-07,0.1943433759015376,0.3061152070630356,21,not_applicable,nan,20.770750008523464
kinetic_fourier25,harmonic_honeycomb,42,iid_hidden,v3-pilot-harmonic_honeycomb-iid-001,0.01265683504906961,0.0007836818695068359,0.0004233419895172119,0.0012070238590240479,0.03548000752925873,4.417826682256987e-08,6.936402030532918e-08,0.1943433759015376,0.3061152070630356,25,not_applicable,nan,28.406250057742
fourier_shell3,harmonic_honeycomb,42,iid_hidden,v3-pilot-harmonic_honeycomb-iid-001,0.004946539322103842,0.00013977289199829102,0.00010201334953308105,0.00024178624153137207,0.017880024388432503,7.442062943674443e-08,6.853634459957902e-08,0.1943433759015376,0.3061152070630356,37,not_applicable,nan,60.43754192069173
wang_xie_adapted,harmonic_honeycomb,42,iid_hidden,v3-pilot-harmonic_honeycomb-iid-001,0.0725915889039358,0.008628517389297485,0.006051927804946899,0.014680445194244385,0.08350028842687607,6.448730960340043e-08,4.7967017025030145e-08,0.1943433759015376,0.3061152070630356,2,not_applicable,nan,0.8048748131841421
dai_adapted,harmonic_honeycomb,42,iid_hidden,v3-pilot-harmonic_honeycomb-iid-001,0.3476441260858782,0.15743392705917358,0.11559207737445831,0.2730259895324707,0.33501818776130676,6.97630044843578e-08,2.4090013539534993e-05,0.1943433759015376,0.3061152070630356,6,not_applicable,nan,115.59204198420048
long_anchor,harmonic_honeycomb,42,iid_hidden,v3-pilot-harmonic_honeycomb-iid-001,0.08423819565229576,0.01027768850326538,0.0072966814041137695,0.01757436990737915,0.08880408853292465,7.377122335228137e-08,9.430543457256135e-08,0.1943433759015376,0.3061152070630356,2,not_applicable,nan,0.9138339664787054
sc_narr_shell1,harmonic_honeycomb,42,iid_hidden,v3-pilot-harmonic_honeycomb-iid-001,0.06239711570185178,0.007389366626739502,0.005058467388153076,0.012447834014892578,0.08500094711780548,1.9719978072707534e-07,2.888830508140927e-08,0.1943433759015376,0.3061152070630356,9,not_applicable,nan,37.11745818145573
sc_narr,harmonic_honeycomb,42,iid_hidden,v3-pilot-harmonic_honeycomb-iid-001,0.02470949433387224,0.0016027390956878662,0.0020386874675750732,0.0036414265632629395,0.05650820583105087,9.914344789585527e-08,4.802565456429875e-08,0.1943433759015376,0.3061152070630356,21,not_applicable,nan,53.11525007709861
sc_hybrid25,harmonic_honeycomb,42,iid_hidden,v3-pilot-harmonic_honeycomb-iid-001,0.013382897681729438,0.0007595419883728027,0.000529557466506958,0.0012890994548797607,0.0361001081764698,7.844555893754546e-08,4.8773195260309876e-08,0.1943433759015376,0.3061152070630356,25,not_applicable,nan,60.35854201763868
sr_routed25,harmonic_honeycomb,42,iid_hidden,v3-pilot-harmonic_honeycomb-iid-001,0.01265683504906961,0.0007836818695068359,0.0004233419895172119,0.0012070238590240479,0.03548000752925873,4.417826682256987e-08,6.936402030532918e-08,0.1943433759015376,0.3061152070630356,25,fourier,3.240651155625787e-14,34.630540991202
fourier_shell2,harmonic_honeycomb,42,iid_hidden,v3-pilot-harmonic_honeycomb-iid-001,0.05184658636270358,0.00716400146484375,0.005275815725326538,0.012439817190170288,0.09501181542873383,4.023419286625085e-08,3.235643930565857e-08,0.1943433759015376,0.3061152070630356,19,not_applicable,nan,17.01745903119445
fourier_shell3,harmonic_honeycomb,42,exact_cluster,v3-pilot-harmonic_honeycomb-exact-000,0.0023142280540806737,1.9103288650512695e-05,3.306567668914795e-05,5.2168965339660645e-05,0.008111158385872841,3.911809143275491e-08,9.564832481601115e-08,6.994405055138486e-14,0.34898430851518936,37,not_applicable,nan,59.259708039462566
wang_xie_adapted,harmonic_honeycomb,42,exact_cluster,v3-pilot-harmonic_honeycomb-exact-000,0.03655090435449943,0.0011643171310424805,0.0023941844701766968,0.0035585016012191772,0.041943617165088654,1.0072264045035695e-07,6.845773015129453e-08,6.994405055138486e-14,0.34898430851518936,2,not_applicable,nan,0.7974579930305481
dai_adapted,harmonic_honeycomb,42,exact_cluster,v3-pilot-harmonic_honeycomb-exact-000,0.2940860584440917,0.04611596465110779,0.10643353313207626,0.15254950523376465,0.2571134567260742,8.227614523015347e-08,9.363509889226407e-05,6.994405055138486e-14,0.34898430851518936,6,not_applicable,nan,112.28679190389812
long_anchor,harmonic_honeycomb,42,exact_cluster,v3-pilot-harmonic_honeycomb-exact-000,0.04019655678228695,0.0016383975744247437,0.0030404776334762573,0.004678875207901001,0.05024192854762077,7.590274631041893e-08,1.918949266155323e-08,6.994405055138486e-14,0.34898430851518936,2,not_applicable,nan,0.9057498537003994
sc_narr_shell1,harmonic_honeycomb,42,exact_cluster,v3-pilot-harmonic_honeycomb-exact-000,0.028114855700447226,0.0008440613746643066,0.0025072097778320312,0.003351271152496338,0.04652092605829239,1.0480302181647971e-07,6.127619656126626e-08,6.994405055138486e-14,0.34898430851518936,9,not_applicable,nan,37.74900012649596
sc_narr,harmonic_honeycomb,42,exact_cluster,v3-pilot-harmonic_honeycomb-exact-000,0.014539544701512858,0.00046432018280029297,0.0008111447095870972,0.0012754648923873901,0.03298825025558472,4.139831721872156e-08,6.508050631737206e-08,6.994405055138486e-14,0.34898430851518936,21,not_applicable,nan,53.76270902343094
sc_hybrid25,harmonic_honeycomb,42,exact_cluster,v3-pilot-harmonic_honeycomb-exact-000,0.007365158274687871,0.000154837965965271,0.00022616982460021973,0.0003810077905654907,0.019177308306097984,9.43905705819148e-08,8.083720359763902e-08,6.994405055138486e-14,0.34898430851518936,25,not_applicable,nan,61.252875020727515
sr_routed25,harmonic_honeycomb,42,exact_cluster,v3-pilot-harmonic_honeycomb-exact-000,0.003696267690510035,6.452202796936035e-05,6.459653377532959e-05,0.00012911856174468994,0.012593748979270458,5.990817486534183e-08,5.98481832980724e-08,6.994405055138486e-14,0.34898430851518936,27,fourier,3.689089710253411e-14,39.22358388081193
fourier_shell2,harmonic_honeycomb,42,exact_cluster,v3-pilot-harmonic_honeycomb-exact-000,0.03187954241451509,0.002000570297241211,0.0026631057262420654,0.004663676023483276,0.05639323592185974,4.337934056408699e-08,5.417619419745279e-08,6.994405055138486e-14,0.34898430851518936,19,not_applicable,nan,16.762000042945147
kinetic_fourier21,harmonic_honeycomb,42,exact_cluster,v3-pilot-harmonic_honeycomb-exact-000,0.010806467560894121,0.0003815293312072754,0.0003815293312072754,0.0007630586624145508,0.02555781416594982,4.829186361909876e-08,3.366361411849539e-08,6.994405055138486e-14,0.34898430851518936,21,not_applicable,nan,20.214749965816736
kinetic_fourier25,harmonic_honeycomb,42,exact_cluster,v3-pilot-harmonic_honeycomb-exact-000,0.003696267690510035,6.452202796936035e-05,6.459653377532959e-05,0.00012911856174468994,0.012593748979270458,5.990817486534183e-08,5.98481832980724e-08,6.994405055138486e-14,0.34898430851518936,27,not_applicable,nan,32.792708138003945
wang_xie_adapted,harmonic_honeycomb,42,exact_cluster,v3-pilot-harmonic_honeycomb-exact-001,0.06712745461616833,0.005288243293762207,0.010157257318496704,0.015445500612258911,0.09720908105373383,5.5722094050025817e-08,5.395153124254648e-08,3.219646771412954e-15,0.4344713638020203,2,not_applicable,nan,0.8071670308709145
dai_adapted,harmonic_honeycomb,42,exact_cluster,v3-pilot-harmonic_honeycomb-exact-001,0.37113785320329923,0.1322450041770935,0.20719841122627258,0.3394434154033661,0.3947864770889282,1.1923200826657876e-07,1.5036068361951038e-05,3.219646771412954e-15,0.4344713638020203,6,not_applicable,nan,112.08250001072884
long_anchor,harmonic_honeycomb,42,exact_cluster,v3-pilot-harmonic_honeycomb-exact-001,0.07261457465515274,0.0057795047760009766,0.01195099949836731,0.017730504274368286,0.10140346735715866,5.2166790220908865e-08,3.630601597137684e-08,3.219646771412954e-15,0.4344713638020203,2,not_applicable,nan,0.9412078652530909
sc_narr_shell1,harmonic_honeycomb,42,exact_cluster,v3-pilot-harmonic_honeycomb-exact-001,0.053624861251919044,0.003452122211456299,0.00960540771484375,0.013057529926300049,0.09804540127515793,1.1724758741671337e-07,5.846301576184487e-08,3.219646771412954e-15,0.4344713638020203,9,not_applicable,nan,36.32920794188976
sc_narr,harmonic_honeycomb,42,exact_cluster,v3-pilot-harmonic_honeycomb-exact-001,0.027376575987958278,0.0017654597759246826,0.0028898417949676514,0.004655301570892334,0.06535673141479492,1.5660813823537012e-07,3.7683395959220434e-08,3.219646771412954e-15,0.4344713638020203,21,not_applicable,nan,52.013083128258586
sc_hybrid25,harmonic_honeycomb,42,exact_cluster,v3-pilot-harmonic_honeycomb-exact-001,0.015366106766903365,0.0005974769592285156,0.0011452734470367432,0.0017427504062652588,0.043246179819107056,4.145811605127392e-08,4.770704009615656e-08,3.219646771412954e-15,0.4344713638020203,25,not_applicable,nan,60.606957878917456
sr_routed25,harmonic_honeycomb,42,exact_cluster,v3-pilot-harmonic_honeycomb-exact-001,0.010005879729558992,0.0004877746105194092,0.00048789381980895996,0.0009756684303283691,0.03569158911705017,8.210934526373003e-09,4.5775376378287547e-08,3.219646771412954e-15,0.4344713638020203,27,fourier,2.93251988176587e-14,39.229333167895675
fourier_shell2,harmonic_honeycomb,42,exact_cluster,v3-pilot-harmonic_honeycomb-exact-001,0.06027031697927577,0.007811814546585083,0.009238183498382568,0.01704999804496765,0.11300894618034363,1.2217297284955464e-07,3.0122460970005704e-08,3.219646771412954e-15,0.4344713638020203,19,not_applicable,nan,16.72466704621911
kinetic_fourier21,harmonic_honeycomb,42,exact_cluster,v3-pilot-harmonic_honeycomb-exact-001,0.022665729814987046,0.0017396509647369385,0.0017397105693817139,0.0034793615341186523,0.057269252836704254,1.2136729221623455e-07,1.5554075361023934e-08,3.219646771412954e-15,0.4344713638020203,21,not_applicable,nan,20.53954196162522
kinetic_fourier25,harmonic_honeycomb,42,exact_cluster,v3-pilot-harmonic_honeycomb-exact-001,0.010005879729558992,0.0004877746105194092,0.00048789381980895996,0.0009756684303283691,0.03569158911705017,8.210934526373003e-09,4.5775376378287547e-08,3.219646771412954e-15,0.4344713638020203,27,not_applicable,nan,32.70845883525908
fourier_shell3,harmonic_honeycomb,42,exact_cluster,v3-pilot-harmonic_honeycomb-exact-001,0.006360569548912049,0.00016483664512634277,0.0002378523349761963,0.00040268898010253906,0.023293713107705116,2.1853388876280633e-08,2.562173939679724e-08,3.219646771412954e-15,0.4344713638020203,37,not_applicable,nan,60.259541030973196
kinetic_fourier25,harmonic_honeycomb,42,near_cluster,v3-pilot-harmonic_honeycomb-near-000,0.0021941545330537667,4.8102810978889465e-06,2.6433728635311127e-05,3.124400973320007e-05,0.005092395935207605,4.1301801534388005e-08,7.077027817103954e-07,0.0014123100190825948,0.24233390379393893,25,not_applicable,nan,28.858874924480915
fourier_shell3,harmonic_honeycomb,42,near_cluster,v3-pilot-harmonic_honeycomb-near-000,0.0004976046497130557,6.332993507385254e-07,1.317821443080902e-06,1.9511207938194275e-06,0.001511935843154788,9.43028490851816e-08,2.6618931769917253e-07,0.0014123100190825948,0.24233390379393893,37,not_applicable,nan,62.553833005949855
wang_xie_adapted,harmonic_honeycomb,42,near_cluster,v3-pilot-harmonic_honeycomb-near-000,0.08162621232229417,0.0052268169820308685,0.0064513469114899635,0.011678163893520832,0.05833828076720238,8.331243739334582e-08,4.360877596809587e-07,0.0014123100190825948,0.24233390379393893,2,not_applicable,nan,0.7875410374253988
dai_adapted,harmonic_honeycomb,42,near_cluster,v3-pilot-harmonic_honeycomb-near-000,0.2491825041971882,0.014255255460739136,0.06803412735462189,0.08228938281536102,0.23633690178394318,6.991129608557856e-08,0.000338660815032199,0.0014123100190825948,0.24233390379393893,6,not_applicable,nan,113.57212509028614
long_anchor,harmonic_honeycomb,42,near_cluster,v3-pilot-harmonic_honeycomb-near-000,0.08900749911052346,0.006019752472639084,0.007620534859597683,0.013640287332236767,0.06348235160112381,2.4053172342775042e-08,3.2148500395123847e-07,0.0014123100190825948,0.24233390379393893,2,not_applicable,nan,0.8980829734355211
sc_narr_shell1,harmonic_honeycomb,42,near_cluster,v3-pilot-harmonic_honeycomb-near-000,0.02775797370762844,0.0009863423183560371,0.001186939887702465,0.002173282206058502,0.03211016207933426,1.0836863739704938e-07,1.5072444625729986e-07,0.0014123100190825948,0.24233390379393893,9,not_applicable,nan,36.23145795427263
sc_narr,harmonic_honeycomb,42,near_cluster,v3-pilot-harmonic_honeycomb-near-000,0.0052820066587651315,9.846128523349762e-05,6.618071347475052e-05,0.00016464199870824814,0.011522444896399975,7.037368110474063e-08,5.729318672820227e-07,0.0014123100190825948,0.24233390379393893,21,not_applicable,nan,51.933917216956615
sc_hybrid25,harmonic_honeycomb,42,near_cluster,v3-pilot-harmonic_honeycomb-near-000,0.002495461127039065,2.4343840777873993e-05,1.7811544239521027e-05,4.215538501739502e-05,0.006082950625568628,1.4348280341636155e-07,8.399962325711385e-07,0.0014123100190825948,0.24233390379393893,25,not_applicable,nan,61.18166702799499
sr_routed25,harmonic_honeycomb,42,near_cluster,v3-pilot-harmonic_honeycomb-near-000,0.0021941545330537667,4.8102810978889465e-06,2.6433728635311127e-05,3.124400973320007e-05,0.005092395935207605,4.1301801534388005e-08,7.077027817103954e-07,0.0014123100190825948,0.24233390379393893,25,fourier,3.2617172038371806e-14,36.0860419459641
fourier_shell2,harmonic_honeycomb,42,near_cluster,v3-pilot-harmonic_honeycomb-near-000,0.01115237067048252,0.00022250693291425705,0.00034446921199560165,0.0005669761449098587,0.018794836476445198,7.894283893250531e-08,9.211529459207668e-07,0.0014123100190825948,0.24233390379393893,19,not_applicable,nan,16.925999894738197
kinetic_fourier21,harmonic_honeycomb,42,near_cluster,v3-pilot-harmonic_honeycomb-near-000,0.0036828794764948015,4.261638969182968e-05,4.2370520532131195e-05,8.498691022396088e-05,0.008200578391551971,1.0221866619808395e-07,3.603351785841369e-07,0.0014123100190825948,0.24233390379393893,21,not_applicable,nan,21.13045798614621
fourier_shell3,harmonic_honeycomb,42,near_cluster,v3-pilot-harmonic_honeycomb-near-001,0.004178395656184593,9.822845458984375e-05,7.346272468566895e-05,0.0001716911792755127,0.014983939938247204,7.167975757393918e-08,7.109765931545553e-08,0.0013836840240350479,0.3944110820502608,37,not_applicable,nan,60.64641592092812
wang_xie_adapted,harmonic_honeycomb,42,near_cluster,v3-pilot-harmonic_honeycomb-near-001,0.05098500011783215,0.0022435784339904785,0.00544777512550354,0.0076913535594940186,0.0630546361207962,1.270163391131618e-07,7.048241457141557e-08,0.0013836840240350479,0.3944110820502608,2,not_applicable,nan,0.7689578924328089
dai_adapted,harmonic_honeycomb,42,near_cluster,v3-pilot-harmonic_honeycomb-near-001,0.33289396080235556,0.08565852046012878,0.1501675546169281,0.23582607507705688,0.31852951645851135,5.693993898603367e-08,3.4023432817775756e-05,0.0013836840240350479,0.3944110820502608,6,not_applicable,nan,116.75258306786418
long_anchor,harmonic_honeycomb,42,near_cluster,v3-pilot-harmonic_honeycomb-near-001,0.05486455607010043,0.003160238265991211,0.006301939487457275,0.009462177753448486,0.07112518697977066,1.9476465928924824e-07,6.146012765384512e-08,0.0013836840240350479,0.3944110820502608,2,not_applicable,nan,1.0625410359352827
sc_narr_shell1,harmonic_honeycomb,42,near_cluster,v3-pilot-harmonic_honeycomb-near-001,0.037394212875008125,0.001597285270690918,0.00499919056892395,0.006596475839614868,0.06853383779525757,1.269518412616577e-07,7.46943698004543e-08,0.0013836840240350479,0.3944110820502608,9,not_applicable,nan,36.60433297045529
sc_narr,harmonic_honeycomb,42,near_cluster,v3-pilot-harmonic_honeycomb-near-001,0.020969576632428977,0.0010130703449249268,0.0016807317733764648,0.0026938021183013916,0.048852093517780304,1.0537251626807631e-07,3.358470479497555e-08,0.0013836840240350479,0.3944110820502608,21,not_applicable,nan,52.206709049642086
sc_hybrid25,harmonic_honeycomb,42,near_cluster,v3-pilot-harmonic_honeycomb-near-001,0.01119114886714908,0.0005043745040893555,0.00040206313133239746,0.0009064376354217529,0.030450090765953064,9.394775135618261e-08,4.767744599121215e-08,0.0013836840240350479,0.3944110820502608,25,not_applicable,nan,60.08625007234514
sr_routed25,harmonic_honeycomb,42,near_cluster,v3-pilot-harmonic_honeycomb-near-001,0.01094579379212376,0.0004425644874572754,0.0004399120807647705,0.0008824765682220459,0.030005384236574173,6.055464685239542e-08,3.02125719997548e-08,0.0013836840240350479,0.3944110820502608,25,fourier,2.7377228020947046e-14,34.694124944508076
fourier_shell2,harmonic_honeycomb,42,near_cluster,v3-pilot-harmonic_honeycomb-near-001,0.046229118993275246,0.0051444172859191895,0.004776597023010254,0.009921014308929443,0.08441033214330673,1.3750690353031558e-07,5.735633479275748e-08,0.0013836840240350479,0.3944110820502608,19,not_applicable,nan,16.93974994122982
kinetic_fourier21,harmonic_honeycomb,42,near_cluster,v3-pilot-harmonic_honeycomb-near-001,0.016474576809797824,0.0009059309959411621,0.0009092092514038086,0.0018151402473449707,0.04044804722070694,8.152868036237493e-08,3.4446141938815344e-08,0.0013836840240350479,0.3944110820502608,21,not_applicable,nan,20.482165971770883
kinetic_fourier25,harmonic_honeycomb,42,near_cluster,v3-pilot-harmonic_honeycomb-near-001,0.01094579379212376,0.0004425644874572754,0.0004399120807647705,0.0008824765682220459,0.030005384236574173,6.055464685239542e-08,3.02125719997548e-08,0.0013836840240350479,0.3944110820502608,25,not_applicable,nan,27.96629210934043
wang_xie_adapted,harmonic_honeycomb,42,near_cluster,v3-pilot-harmonic_honeycomb-near-002,0.0487366066361751,0.002055913209915161,0.004614740610122681,0.006670653820037842,0.05790701135993004,7.80618749640638e-08,4.184412816243821e-08,0.004703368706267308,0.385127988601588,2,not_applicable,nan,0.8562500588595867
dai_adapted,harmonic_honeycomb,42,near_cluster,v3-pilot-harmonic_honeycomb-near-002,0.3225530379890949,0.08034095168113708,0.1363901048898697,0.21673105657100677,0.306729257106781,1.2441192742684848e-08,8.073124627117068e-05,0.004703368706267308,0.385127988601588,6,not_applicable,nan,110.5028330348432
long_anchor,harmonic_honeycomb,42,near_cluster,v3-pilot-harmonic_honeycomb-near-002,0.05080752952408041,0.002943694591522217,0.005338579416275024,0.008282274007797241,0.06674730032682419,7.79616602386568e-08,4.898355498994533e-08,0.004703368706267308,0.385127988601588,2,not_applicable,nan,0.9134579449892044
sc_narr_shell1,harmonic_honeycomb,42,near_cluster,v3-pilot-harmonic_honeycomb-near-002,0.03519169773811938,0.001457810401916504,0.0043357908725738525,0.0057936012744903564,0.06373333185911179,6.597554125242766e-08,2.5332166586622407e-08,0.004703368706267308,0.385127988601588,9,not_applicable,nan,36.06566693633795
sc_narr,harmonic_honeycomb,42,near_cluster,v3-pilot-harmonic_honeycomb-near-002,0.019800482284073186,0.0011818408966064453,0.0012097656726837158,0.002391606569290161,0.04582038149237633,1.2353473666237846e-07,3.6709487005737174e-08,0.004703368706267308,0.385127988601588,21,not_applicable,nan,51.95966688916087
sc_hybrid25,harmonic_honeycomb,42,near_cluster,v3-pilot-harmonic_honeycomb-near-002,0.010449270609216282,0.0004684627056121826,0.00031945109367370605,0.0007879137992858887,0.028249159455299377,5.896591748211222e-08,6.365501548089014e-08,0.004703368706267308,0.385127988601588,25,not_applicable,nan,60.33716700039804
sr_routed25,harmonic_honeycomb,42,near_cluster,v3-pilot-harmonic_honeycomb-near-002,0.010092029970887458,0.00036218762397766113,0.0003884732723236084,0.0007506608963012695,0.027585215866565704,1.4480501397962087e-07,4.9539096380613046e-08,0.004703368706267308,0.385127988601588,25,fourier,3.137032259935453e-14,34.93975009769201
fourier_shell2,harmonic_honeycomb,42,near_cluster,v3-pilot-harmonic_honeycomb-near-002,0.04308975260695763,0.004689604043960571,0.003978163003921509,0.00866776704788208,0.07877226918935776,4.070977466241743e-08,4.350174620526559e-08,0.004703368706267308,0.385127988601588,19,not_applicable,nan,16.96474989876151
kinetic_fourier21,harmonic_honeycomb,42,near_cluster,v3-pilot-harmonic_honeycomb-near-002,0.015417317695356375,0.0007880628108978271,0.0007962286472320557,0.0015842914581298828,0.03762061893939972,8.14318725783636e-08,3.398903203333248e-08,0.004703368706267308,0.385127988601588,21,not_applicable,nan,20.43070807121694
kinetic_fourier25,harmonic_honeycomb,42,near_cluster,v3-pilot-harmonic_honeycomb-near-002,0.010092029970887458,0.00036218762397766113,0.0003884732723236084,0.0007506608963012695,0.027585215866565704,1.4480501397962087e-07,4.9539096380613046e-08,0.004703368706267308,0.385127988601588,25,not_applicable,nan,28.155457926914096
fourier_shell3,harmonic_honeycomb,42,near_cluster,v3-pilot-harmonic_honeycomb-near-002,0.0037522364940276776,8.144974708557129e-05,5.7578086853027344e-05,0.00013902783393859863,0.013471565209329128,1.040004604657696e-08,5.457490104276985e-08,0.004703368706267308,0.385127988601588,37,not_applicable,nan,59.78229199536145
kinetic_fourier21,harmonic_honeycomb,42,strict_ood,v3-pilot-harmonic_honeycomb-ood-000,0.008750330461881738,0.0002804398536682129,0.00020856410264968872,0.0004890039563179016,0.020154230296611786,4.050614099693206e-08,1.2241856417460895e-08,0.07833470759130604,0.28595042558455924,21,not_applicable,nan,20.927667152136564
kinetic_fourier25,harmonic_honeycomb,42,strict_ood,v3-pilot-harmonic_honeycomb-ood-000,0.005110322676224169,6.885826587677002e-05,0.00011899322271347046,0.00018785148859024048,0.013349899090826511,7.064889473440417e-08,7.267533419508254e-08,0.07833470759130604,0.28595042558455924,25,not_applicable,nan,28.407500125467777
fourier_shell3,harmonic_honeycomb,42,strict_ood,v3-pilot-harmonic_honeycomb-ood-000,0.0017842115001245357,1.6570091247558594e-05,1.2964010238647461e-05,2.9534101486206055e-05,0.005988234654068947,6.889727122150191e-08,4.548383003566414e-08,0.07833470759130604,0.28595042558455924,37,not_applicable,nan,59.3771249987185
wang_xie_adapted,harmonic_honeycomb,42,strict_ood,v3-pilot-harmonic_honeycomb-ood-000,0.08499888894726816,0.0051290541887283325,0.004581846296787262,0.009710900485515594,0.05177793279290199,4.0088397046389446e-08,1.4760352939902077e-07,0.07833470759130604,0.28595042558455924,2,not_applicable,nan,0.8435000199824572
dai_adapted,harmonic_honeycomb,42,strict_ood,v3-pilot-harmonic_honeycomb-ood-000,0.3034114048302309,0.062298767268657684,0.07534552365541458,0.13764429092407227,0.2384398728609085,1.3139648458171393e-07,0.0003343480930197984,0.07833470759130604,0.28595042558455924,6,not_applicable,nan,111.67254205793142
long_anchor,harmonic_honeycomb,42,strict_ood,v3-pilot-harmonic_honeycomb-ood-000,0.09725693235568902,0.007156595587730408,0.0046992674469947815,0.01185586303472519,0.05623169615864754,2.1187944332368147e-07,6.517619510759687e-08,0.07833470759130604,0.28595042558455924,2,not_applicable,nan,0.9734169580042362
sc_narr_shell1,harmonic_honeycomb,42,strict_ood,v3-pilot-harmonic_honeycomb-ood-000,0.039600763449339486,0.0025874078273773193,0.0020057782530784607,0.00459318608045578,0.048661008477211,1.309888071343579e-07,2.2993560833128868e-08,0.07833470759130604,0.28595042558455924,9,not_applicable,nan,35.93208407983184
sc_narr,harmonic_honeycomb,42,strict_ood,v3-pilot-harmonic_honeycomb-ood-000,0.012091673780864128,0.00048729777336120605,0.00039246678352355957,0.0008797645568847656,0.02741515077650547,2.572630486419314e-08,1.0035225272986281e-07,0.07833470759130604,0.28595042558455924,21,not_applicable,nan,51.827667048200965
sc_hybrid25,harmonic_honeycomb,42,strict_ood,v3-pilot-harmonic_honeycomb-ood-000,0.0061733066064442715,0.00015595555305480957,0.00010494142770767212,0.0002608969807624817,0.0156391728669405,1.1743435091027266e-07,4.993322377799814e-08,0.07833470759130604,0.28595042558455924,25,not_applicable,nan,60.696583008393645
sr_routed25,harmonic_honeycomb,42,strict_ood,v3-pilot-harmonic_honeycomb-ood-000,0.005110322676224169,6.885826587677002e-05,0.00011899322271347046,0.00018785148859024048,0.013349899090826511,7.064889473440417e-08,7.267533419508254e-08,0.07833470759130604,0.28595042558455924,25,fourier,2.9934381525192205e-14,34.771000035107136
fourier_shell2,harmonic_honeycomb,42,strict_ood,v3-pilot-harmonic_honeycomb-ood-000,0.027372829780995093,0.0018513798713684082,0.0014454275369644165,0.0032968074083328247,0.046108681708574295,8.370288695491723e-08,6.56259544484783e-08,0.07833470759130604,0.28595042558455924,19,not_applicable,nan,16.850040992721915
kinetic_fourier25,harmonic_honeycomb,42,strict_ood,v3-pilot-harmonic_honeycomb-ood-001,0.012876065792524026,0.0007919669151306152,0.0005047470331192017,0.001296713948249817,0.0372028574347496,2.1912998082740387e-08,3.884152022237686e-08,0.3259860939274327,0.23167535699420125,25,not_applicable,nan,28.25791691429913
fourier_shell3,harmonic_honeycomb,42,strict_ood,v3-pilot-harmonic_honeycomb-ood-001,0.004605260237638905,0.0001296401023864746,8.493661880493164e-05,0.00021457672119140625,0.017006568610668182,9.998092864726971e-08,4.404735420848738e-08,0.3259860939274327,0.23167535699420125,37,not_applicable,nan,60.51562516950071
wang_xie_adapted,harmonic_honeycomb,42,strict_ood,v3-pilot-harmonic_honeycomb-ood-001,0.1509552775547104,0.017460227012634277,0.01793617010116577,0.03539639711380005,0.10489511489868164,1.49069240729105e-07,5.180432083307096e-08,0.3259860939274327,0.23167535699420125,2,not_applicable,nan,1.0261249262839556
dai_adapted,harmonic_honeycomb,42,strict_ood,v3-pilot-harmonic_honeycomb-ood-001,0.34533134073817967,0.1842038929462433,0.08737298846244812,0.2715768814086914,0.3214806318283081,1.532080358135346e-07,3.8009955460438505e-05,0.3259860939274327,0.23167535699420125,6,not_applicable,nan,110.65508308820426
long_anchor,harmonic_honeycomb,42,strict_ood,v3-pilot-harmonic_honeycomb-ood-001,0.16595692543842944,0.020725727081298828,0.019772455096244812,0.04049818217754364,0.10995513945817947,9.429813885297733e-08,8.599122480745791e-08,0.3259860939274327,0.23167535699420125,2,not_applicable,nan,0.9003328159451485
sc_narr_shell1,harmonic_honeycomb,42,strict_ood,v3-pilot-harmonic_honeycomb-ood-001,0.10269629114038498,0.012511849403381348,0.012047171592712402,0.02455902099609375,0.10459776222705841,6.056185841707418e-08,7.714631067301525e-08,0.3259860939274327,0.23167535699420125,9,not_applicable,nan,36.21662501245737
sc_narr,harmonic_honeycomb,42,strict_ood,v3-pilot-harmonic_honeycomb-ood-001,0.0270271864918905,0.001772463321685791,0.0023719966411590576,0.004144459962844849,0.059668876230716705,4.299443823185811e-08,9.952826474091125e-08,0.3259860939274327,0.23167535699420125,21,not_applicable,nan,51.579666091129184
sc_hybrid25,harmonic_honeycomb,42,strict_ood,v3-pilot-harmonic_honeycomb-ood-001,0.015306058335614478,0.0009974241256713867,0.0006495416164398193,0.001646965742111206,0.04034353420138359,1.2504308655181262e-07,1.0557373286701477e-07,0.3259860939274327,0.23167535699420125,25,not_applicable,nan,60.60649990104139
sr_routed25,harmonic_honeycomb,42,strict_ood,v3-pilot-harmonic_honeycomb-ood-001,0.012876065792524026,0.0007919669151306152,0.0005047470331192017,0.001296713948249817,0.0372028574347496,2.1912998082740387e-08,3.884152022237686e-08,0.3259860939274327,0.23167535699420125,25,fourier,2.94181488251586e-14,34.6472910605371
fourier_shell2,harmonic_honeycomb,42,strict_ood,v3-pilot-harmonic_honeycomb-ood-001,0.04941775679050024,0.007034361362457275,0.004629999399185181,0.011664360761642456,0.09278909862041473,4.94912637538647e-08,4.334598457944594e-08,0.3259860939274327,0.23167535699420125,19,not_applicable,nan,17.277542036026716
kinetic_fourier21,harmonic_honeycomb,42,strict_ood,v3-pilot-harmonic_honeycomb-ood-001,0.02261370165704662,0.0023438334465026855,0.0009833574295043945,0.00332719087600708,0.05443054065108299,3.489836508663302e-08,3.063143694248538e-08,0.3259860939274327,0.23167535699420125,21,not_applicable,nan,20.473374985158443
fourier_shell3,harmonic_honeycomb,42,strict_ood,v3-pilot-harmonic_honeycomb-ood-002,0.010153981213786493,0.0005983710289001465,0.00042259693145751953,0.001020967960357666,0.037539612501859665,9.112918264442271e-08,1.2309851626923773e-07,0.39003794487386123,0.2640531698291569,37,not_applicable,nan,78.86174996383488
wang_xie_adapted,harmonic_honeycomb,42,strict_ood,v3-pilot-harmonic_honeycomb-ood-002,0.14952842809879577,0.03667694330215454,0.025738179683685303,0.062415122985839844,0.18920378386974335,5.4953395833834406e-08,4.646278028985762e-08,0.39003794487386123,0.2640531698291569,2,not_applicable,nan,0.7871659472584724
dai_adapted,harmonic_honeycomb,42,strict_ood,v3-pilot-harmonic_honeycomb-ood-002,0.4191703538739677,0.3387354016304016,0.17427754402160645,0.5130129456520081,0.4998338520526886,2.553393518844871e-08,1.637525565456599e-05,0.39003794487386123,0.2640531698291569,6,not_applicable,nan,110.43350002728403
long_anchor,harmonic_honeycomb,42,strict_ood,v3-pilot-harmonic_honeycomb-ood-002,0.17784368341041312,0.04501485824584961,0.028436779975891113,0.07345163822174072,0.18829141557216644,7.606254248671007e-08,2.3967798412627417e-08,0.39003794487386123,0.2640531698291569,2,not_applicable,nan,0.8852921891957521
sc_narr_shell1,harmonic_honeycomb,42,strict_ood,v3-pilot-harmonic_honeycomb-ood-002,0.1288688164603145,0.03266066312789917,0.01503056287765503,0.0476912260055542,0.16388052701950073,1.545367831479183e-07,7.687754077778663e-08,0.39003794487386123,0.2640531698291569,9,not_applicable,nan,36.12608299590647
sc_narr,harmonic_honeycomb,42,strict_ood,v3-pilot-harmonic_honeycomb-ood-002,0.044357757514493217,0.005951344966888428,0.005154430866241455,0.011105775833129883,0.10138339549303055,3.488100452919696e-08,4.46445724833211e-08,0.39003794487386123,0.2640531698291569,21,not_applicable,nan,52.36341687850654
sc_hybrid25,harmonic_honeycomb,42,strict_ood,v3-pilot-harmonic_honeycomb-ood-002,0.025310286877376267,0.003320634365081787,0.0013510584831237793,0.004671692848205566,0.07183249294757843,1.2694436812843435e-07,6.207018543591403e-08,0.39003794487386123,0.2640531698291569,25,not_applicable,nan,60.27445895597339
sr_routed25,harmonic_honeycomb,42,strict_ood,v3-pilot-harmonic_honeycomb-ood-002,0.022088101846791556,0.0026072263717651367,0.001339048147201538,0.003946274518966675,0.06752587109804153,9.330974282129034e-08,3.5456004354728066e-08,0.39003794487386123,0.2640531698291569,25,fourier,3.0411820116241564e-14,34.69737502746284
fourier_shell2,harmonic_honeycomb,42,strict_ood,v3-pilot-harmonic_honeycomb-ood-002,0.08236099727279825,0.01838052272796631,0.01271626353263855,0.03109678626060486,0.15476003289222717,1.3436570900360323e-07,3.5377755835952485e-08,0.39003794487386123,0.2640531698291569,19,not_applicable,nan,17.035583034157753
kinetic_fourier21,harmonic_honeycomb,42,strict_ood,v3-pilot-harmonic_honeycomb-ood-002,0.03466576767889668,0.006274282932281494,0.001982450485229492,0.008256733417510986,0.08980519324541092,7.795835377244487e-08,7.019974646027549e-08,0.39003794487386123,0.2640531698291569,21,not_applicable,nan,20.47750004567206
kinetic_fourier25,harmonic_honeycomb,42,strict_ood,v3-pilot-harmonic_honeycomb-ood-002,0.022088101846791556,0.0026072263717651367,0.001339048147201538,0.003946274518966675,0.06752587109804153,9.330974282129034e-08,3.5456004354728066e-08,0.39003794487386123,0.2640531698291569,25,not_applicable,nan,28.338917065411806
kinetic_fourier25,harmonic_honeycomb,42,gap_scan,v3-pilot-harmonic_honeycomb-gap-000,0.00859179505220762,0.0002442002296447754,0.00029790401458740234,0.0005421042442321777,0.023274805396795273,1.489798286957722e-07,7.362500298313535e-08,0.011650622118118459,0.36673543198137387,25,not_applicable,nan,28.764541959390044
fourier_shell3,harmonic_honeycomb,42,gap_scan,v3-pilot-harmonic_honeycomb-gap-000,0.003385511355017206,4.2438507080078125e-05,6.765127182006836e-05,0.00011008977890014648,0.011797810904681683,4.36002074444275e-08,9.029026415419139e-08,0.011650622118118459,0.36673543198137387,37,not_applicable,nan,61.29637500271201
wang_xie_adapted,harmonic_honeycomb,42,gap_scan,v3-pilot-harmonic_honeycomb-gap-000,0.04909252909156838,0.003580629825592041,0.0019810497760772705,0.0055616796016693115,0.05102161690592766,1.0680487494418855e-07,8.322499667201555e-08,0.011650622118118459,0.36673543198137387,2,not_applicable,nan,0.8022079709917307
dai_adapted,harmonic_honeycomb,42,gap_scan,v3-pilot-harmonic_honeycomb-gap-000,0.3242596880857787,0.06396293640136719,0.1336335390806198,0.197596475481987,0.2878545820713043,1.215576661550699e-07,0.0001167727677966468,0.011650622118118459,0.36673543198137387,6,not_applicable,nan,114.26708311773837
long_anchor,harmonic_honeycomb,42,gap_scan,v3-pilot-harmonic_honeycomb-gap-000,0.05395921517804482,0.0040763914585113525,0.0032103806734085083,0.007286772131919861,0.060512952506542206,5.3747227890532656e-08,3.409194349046629e-08,0.011650622118118459,0.36673543198137387,2,not_applicable,nan,0.9038748685270548
sc_narr_shell1,harmonic_honeycomb,42,gap_scan,v3-pilot-harmonic_honeycomb-gap-000,0.03180068732426736,0.003283172845840454,0.0013387799263000488,0.004621952772140503,0.056720711290836334,5.978861972177896e-08,2.007704047457537e-08,0.011650622118118459,0.36673543198137387,9,not_applicable,nan,37.10458311252296
sc_narr,harmonic_honeycomb,42,gap_scan,v3-pilot-harmonic_honeycomb-gap-000,0.018010098109569047,0.0012295246124267578,0.0007241964340209961,0.001953721046447754,0.04115865379571915,6.999204460456099e-08,8.224899517017548e-08,0.011650622118118459,0.36673543198137387,21,not_applicable,nan,52.82591702416539
sc_hybrid25,harmonic_honeycomb,42,gap_scan,v3-pilot-harmonic_honeycomb-gap-000,0.009282162203335118,0.00025901198387145996,0.00035256147384643555,0.0006115734577178955,0.024623408913612366,1.0006326012224065e-07,8.779532123526224e-08,0.011650622118118459,0.36673543198137387,25,not_applicable,nan,63.818708062171936
sr_routed25,harmonic_honeycomb,42,gap_scan,v3-pilot-harmonic_honeycomb-gap-000,0.00859179505220762,0.0002442002296447754,0.00029790401458740234,0.0005421042442321777,0.023274805396795273,1.489798286957722e-07,7.362500298313535e-08,0.011650622118118459,0.36673543198137387,25,fourier,3.2023971148487096e-14,35.343874944373965
fourier_shell2,harmonic_honeycomb,42,gap_scan,v3-pilot-harmonic_honeycomb-gap-000,0.04105789497780862,0.00328749418258667,0.004251882433891296,0.007539376616477966,0.0718533992767334,5.0315190791572206e-08,8.742462398458883e-08,0.011650622118118459,0.36673543198137387,19,not_applicable,nan,17.108167055994272
kinetic_fourier21,harmonic_honeycomb,42,gap_scan,v3-pilot-harmonic_honeycomb-gap-000,0.01349520539953937,0.0005972087383270264,0.0006063282489776611,0.0012035369873046875,0.03250303491950035,4.463424274625538e-08,3.736717602009776e-08,0.011650622118118459,0.36673543198137387,21,not_applicable,nan,20.467374939471483
fourier_shell3,harmonic_honeycomb,42,gap_scan,v3-pilot-harmonic_honeycomb-gap-001,0.0006741416804811074,1.2079253792762756e-06,2.7529895305633545e-06,3.96091490983963e-06,0.0021129734814167023,8.91928932933439e-08,3.319920267585985e-07,0.044799118066602465,0.2316637143229516,37,not_applicable,nan,59.63904201053083
wang_xie_adapted,harmonic_honeycomb,42,gap_scan,v3-pilot-harmonic_honeycomb-gap-001,0.12553386860433202,0.00816895067691803,0.008217379450798035,0.016386330127716064,0.061431724578142166,9.472199558047123e-08,3.9205949065035384e-07,0.044799118066602465,0.2316637143229516,2,not_applicable,nan,0.9430418722331524
dai_adapted,harmonic_honeycomb,42,gap_scan,v3-pilot-harmonic_honeycomb-gap-001,0.3227459928195838,0.01997954398393631,0.08579803258180618,0.10577757656574249,0.24101898074150085,7.854854233713127e-08,5.500258703250438e-05,0.044799118066602465,0.2316637143229516,6,not_applicable,nan,109.39474985934794
long_anchor,harmonic_honeycomb,42,gap_scan,v3-pilot-harmonic_honeycomb-gap-001,0.1319262533016853,0.010110462084412575,0.008222542703151703,0.018333004787564278,0.06629623472690582,9.973740899837935e-08,1.4816224336300365e-07,0.044799118066602465,0.2316637143229516,2,not_applicable,nan,0.901874853298068
sc_narr_shell1,harmonic_honeycomb,42,gap_scan,v3-pilot-harmonic_honeycomb-gap-001,0.038528080848101394,0.0014485502615571022,0.0021369755268096924,0.0035855257883667946,0.04105845093727112,7.586850969687475e-08,2.1971652586216806e-07,0.044799118066602465,0.2316637143229516,9,not_applicable,nan,36.00987512618303
sc_narr,harmonic_honeycomb,42,gap_scan,v3-pilot-harmonic_honeycomb-gap-001,0.00627836362232437,0.00013970956206321716,8.986890316009521e-05,0.00022957846522331238,0.01370170433074236,8.071545964938309e-08,4.0512315990781644e-07,0.044799118066602465,0.2316637143229516,21,not_applicable,nan,51.58541607670486
sc_hybrid25,harmonic_honeycomb,42,gap_scan,v3-pilot-harmonic_honeycomb-gap-001,0.0028781590232909485,3.219675272703171e-05,2.193450927734375e-05,5.413126200437546e-05,0.006861087400466204,7.874126284335148e-08,2.626778154990461e-07,0.044799118066602465,0.2316637143229516,25,not_applicable,nan,59.907125076279044
sr_routed25,harmonic_honeycomb,42,gap_scan,v3-pilot-harmonic_honeycomb-gap-001,0.002033670666616745,6.3907355070114136e-06,2.2251158952713013e-05,2.8641894459724426e-05,0.005035570822656155,5.3923611798012416e-08,2.5946960136025154e-07,0.044799118066602465,0.2316637143229516,25,fourier,3.166252863736653e-14,34.34408293105662
fourier_shell2,harmonic_honeycomb,42,gap_scan,v3-pilot-harmonic_honeycomb-gap-001,0.015277551696151227,0.0003466606140136719,0.0006102323532104492,0.0009568929672241211,0.023447349667549133,2.411259059087456e-08,2.453576257721579e-07,0.044799118066602465,0.2316637143229516,19,not_applicable,nan,17.52733299508691
kinetic_fourier21,harmonic_honeycomb,42,gap_scan,v3-pilot-harmonic_honeycomb-gap-001,0.0039565622303804,5.239993333816528e-05,4.443153738975525e-05,9.683147072792053e-05,0.008739573881030083,6.317920819842726e-08,1.6196456442685303e-07,0.044799118066602465,0.2316637143229516,21,not_applicable,nan,20.739291794598103
kinetic_fourier25,harmonic_honeycomb,42,gap_scan,v3-pilot-harmonic_honeycomb-gap-001,0.002033670666616745,6.3907355070114136e-06,2.2251158952713013e-05,2.8641894459724426e-05,0.005035570822656155,5.3923611798012416e-08,2.5946960136025154e-07,0.044799118066602465,0.2316637143229516,25,not_applicable,nan,28.49762514233589
sc_narr_shell1,harmonic_honeycomb,137,iid_hidden,v3-pilot-harmonic_honeycomb-iid-000,0.03103013065882567,0.0008056778460741043,0.0017181448638439178,0.002523822709918022,0.032554805278778076,4.744471615580892e-08,2.1457651655509835e-07,0.03607408623350758,0.21578235088138303,9,not_applicable,nan,39.23970810137689
sc_narr,harmonic_honeycomb,137,iid_hidden,v3-pilot-harmonic_honeycomb-iid-000,0.0049893940199873844,5.4331496357917786e-05,8.878111839294434e-05,0.00014311261475086212,0.010478276759386063,1.1133441879529471e-07,2.6984355372405844e-07,0.03607408623350758,0.21578235088138303,21,not_applicable,nan,52.36399988643825
sc_hybrid25,harmonic_honeycomb,137,iid_hidden,v3-pilot-harmonic_honeycomb-iid-000,0.0022505140564686226,1.622457057237625e-05,1.7311424016952515e-05,3.3535994589328766e-05,0.005436177831143141,4.556023447399582e-08,3.0452935106950463e-07,0.03607408623350758,0.21578235088138303,25,not_applicable,nan,60.405459022149444
sr_routed25,harmonic_honeycomb,137,iid_hidden,v3-pilot-harmonic_honeycomb-iid-000,0.0018959311436624706,8.732080459594727e-06,1.4640390872955322e-05,2.337247133255005e-05,0.004430616740137339,3.182703889326177e-08,2.4606276838312624e-07,0.03607408623350758,0.21578235088138303,25,fourier,3.242802280498634e-14,36.13150003366172
fourier_shell2,harmonic_honeycomb,137,iid_hidden,v3-pilot-harmonic_honeycomb-iid-000,0.009143312845081807,0.00022901315242052078,0.0001661553978919983,0.0003951685503125191,0.015877820551395416,1.3077142357875715e-07,1.4965043249048904e-07,0.03607408623350758,0.21578235088138303,19,not_applicable,nan,17.100583063438535
kinetic_fourier21,harmonic_honeycomb,137,iid_hidden,v3-pilot-harmonic_honeycomb-iid-000,0.0033610204984910043,3.768410533666611e-05,3.2942742109298706e-05,7.062684744596481e-05,0.007456825580447912,8.348435054372771e-08,3.028561934570462e-07,0.03607408623350758,0.21578235088138303,21,not_applicable,nan,22.827541921287775
kinetic_fourier25,harmonic_honeycomb,137,iid_hidden,v3-pilot-harmonic_honeycomb-iid-000,0.0018959311436624706,8.732080459594727e-06,1.4640390872955322e-05,2.337247133255005e-05,0.004430616740137339,3.182703889326177e-08,2.4606276838312624e-07,0.03607408623350758,0.21578235088138303,25,not_applicable,nan,28.228499926626682
fourier_shell3,harmonic_honeycomb,137,iid_hidden,v3-pilot-harmonic_honeycomb-iid-000,0.0001557990821329341,6.966292858123779e-07,4.507601261138916e-07,1.1473894119262695e-06,0.001169924857094884,9.528994349139452e-08,2.9477797625077073e-07,0.03607408623350758,0.21578235088138303,37,not_applicable,nan,60.21108408458531
wang_xie_adapted,harmonic_honeycomb,137,iid_hidden,v3-pilot-harmonic_honeycomb-iid-000,0.09354815422661739,0.00532807782292366,0.009011413902044296,0.014339491724967957,0.06258662045001984,6.762541082672158e-08,3.048292853691237e-07,0.03607408623350758,0.21578235088138303,2,not_applicable,nan,0.7937920745462179
dai_adapted,harmonic_honeycomb,137,iid_hidden,v3-pilot-harmonic_honeycomb-iid-000,0.23132239814123662,0.03855263814330101,0.04878517985343933,0.08733782172203064,0.21915581822395325,1.7738505397879578e-07,0.001072024111635983,0.03607408623350758,0.21578235088138303,6,not_applicable,nan,109.0675841551274
long_anchor,harmonic_honeycomb,137,iid_hidden,v3-pilot-harmonic_honeycomb-iid-000,0.10446663816747377,0.006670622155070305,0.011166926473379135,0.01783754862844944,0.07035599648952484,1.210228949277692e-07,2.736726401053602e-07,0.03607408623350758,0.21578235088138303,2,not_applicable,nan,0.9202500805258751
sc_narr,harmonic_honeycomb,137,iid_hidden,v3-pilot-harmonic_honeycomb-iid-001,0.029353086499668328,0.002737700939178467,0.0023017823696136475,0.005039483308792114,0.06582464277744293,4.7596638075297903e-08,1.0827358210008242e-07,0.1943433759015376,0.3061152070630356,21,not_applicable,nan,52.52774991095066
sc_hybrid25,harmonic_honeycomb,137,iid_hidden,v3-pilot-harmonic_honeycomb-iid-001,0.014485644296109735,0.001068115234375,0.00047007203102111816,0.0015381872653961182,0.04001221805810928,1.3823518418831782e-07,1.1024253154801045e-07,0.1943433759015376,0.3061152070630356,25,not_applicable,nan,60.29199995100498
sr_routed25,harmonic_honeycomb,137,iid_hidden,v3-pilot-harmonic_honeycomb-iid-001,0.01265683504906961,0.0007836818695068359,0.0004233419895172119,0.0012070238590240479,0.03548000752925873,4.417826682256987e-08,6.936402030532918e-08,0.1943433759015376,0.3061152070630356,25,fourier,3.240651155625787e-14,35.22416693158448
fourier_shell2,harmonic_honeycomb,137,iid_hidden,v3-pilot-harmonic_honeycomb-iid-001,0.05184658636270358,0.00716400146484375,0.005275815725326538,0.012439817190170288,0.09501181542873383,4.023419286625085e-08,3.235643930565857e-08,0.1943433759015376,0.3061152070630356,19,not_applicable,nan,17.146999947726727
kinetic_fourier21,harmonic_honeycomb,137,iid_hidden,v3-pilot-harmonic_honeycomb-iid-001,0.019531559837705898,0.001779019832611084,0.0007949769496917725,0.0025739967823028564,0.04844827204942703,4.1647702397895614e-08,1.116663739253454e-07,0.1943433759015376,0.3061152070630356,21,not_applicable,nan,20.72895783931017
kinetic_fourier25,harmonic_honeycomb,137,iid_hidden,v3-pilot-harmonic_honeycomb-iid-001,0.01265683504906961,0.0007836818695068359,0.0004233419895172119,0.0012070238590240479,0.03548000752925873,4.417826682256987e-08,6.936402030532918e-08,0.1943433759015376,0.3061152070630356,25,not_applicable,nan,28.21041690185666
fourier_shell3,harmonic_honeycomb,137,iid_hidden,v3-pilot-harmonic_honeycomb-iid-001,0.004946539322103842,0.00013977289199829102,0.00010201334953308105,0.00024178624153137207,0.017880024388432503,7.442062943674443e-08,6.853634459957902e-08,0.1943433759015376,0.3061152070630356,37,not_applicable,nan,60.16475008800626
wang_xie_adapted,harmonic_honeycomb,137,iid_hidden,v3-pilot-harmonic_honeycomb-iid-001,0.08218979346039884,0.009174883365631104,0.006927520036697388,0.01610240340232849,0.08702529966831207,1.3081830418926188e-07,5.07808408656274e-08,0.1943433759015376,0.3061152070630356,2,not_applicable,nan,0.7965001277625561
dai_adapted,harmonic_honeycomb,137,iid_hidden,v3-pilot-harmonic_honeycomb-iid-001,0.3496417024159445,0.16531261801719666,0.11169396340847015,0.2770065665245056,0.3279331922531128,9.207365003760515e-08,0.00040813442319631577,0.1943433759015376,0.3061152070630356,6,not_applicable,nan,112.20716685056686
long_anchor,harmonic_honeycomb,137,iid_hidden,v3-pilot-harmonic_honeycomb-iid-001,0.11432857902324663,0.01900184154510498,0.011340796947479248,0.03034263849258423,0.109028659760952,5.983888329286202e-08,6.542138919485296e-08,0.1943433759015376,0.3061152070630356,2,not_applicable,nan,0.8954170625656843
sc_narr_shell1,harmonic_honeycomb,137,iid_hidden,v3-pilot-harmonic_honeycomb-iid-001,0.07761635980265473,0.010038107633590698,0.007176071405410767,0.017214179039001465,0.09471937268972397,1.1779736719397249e-07,7.158563164466614e-08,0.1943433759015376,0.3061152070630356,9,not_applicable,nan,36.38058318756521
sr_routed25,harmonic_honeycomb,137,exact_cluster,v3-pilot-harmonic_honeycomb-exact-000,0.003696267690510035,6.452202796936035e-05,6.459653377532959e-05,0.00012911856174468994,0.012593748979270458,5.990817486534183e-08,5.98481832980724e-08,6.994405055138486e-14,0.34898430851518936,27,fourier,3.689089710253411e-14,38.95308310166001
fourier_shell2,harmonic_honeycomb,137,exact_cluster,v3-pilot-harmonic_honeycomb-exact-000,0.03187954241451509,0.002000570297241211,0.0026631057262420654,0.004663676023483276,0.05639323592185974,4.337934056408699e-08,5.417619419745279e-08,6.994405055138486e-14,0.34898430851518936,19,not_applicable,nan,16.932541970163584
kinetic_fourier21,harmonic_honeycomb,137,exact_cluster,v3-pilot-harmonic_honeycomb-exact-000,0.010806467560894121,0.0003815293312072754,0.0003815293312072754,0.0007630586624145508,0.02555781416594982,4.829186361909876e-08,3.366361411849539e-08,6.994405055138486e-14,0.34898430851518936,21,not_applicable,nan,20.418457919731736
kinetic_fourier25,harmonic_honeycomb,137,exact_cluster,v3-pilot-harmonic_honeycomb-exact-000,0.003696267690510035,6.452202796936035e-05,6.459653377532959e-05,0.00012911856174468994,0.012593748979270458,5.990817486534183e-08,5.98481832980724e-08,6.994405055138486e-14,0.34898430851518936,27,not_applicable,nan,32.712917076423764
fourier_shell3,harmonic_honeycomb,137,exact_cluster,v3-pilot-harmonic_honeycomb-exact-000,0.0023142280540806737,1.9103288650512695e-05,3.306567668914795e-05,5.2168965339660645e-05,0.008111158385872841,3.911809143275491e-08,9.564832481601115e-08,6.994405055138486e-14,0.34898430851518936,37,not_applicable,nan,60.08437485434115
wang_xie_adapted,harmonic_honeycomb,137,exact_cluster,v3-pilot-harmonic_honeycomb-exact-000,0.03657831334152137,0.0016912072896957397,0.002976641058921814,0.004667848348617554,0.05243402719497681,6.525123730227733e-08,5.7570641587290083e-08,6.994405055138486e-14,0.34898430851518936,2,not_applicable,nan,0.8956659585237503
dai_adapted,harmonic_honeycomb,137,exact_cluster,v3-pilot-harmonic_honeycomb-exact-000,0.2978648374843395,0.05077779293060303,0.10649211704730988,0.1572699099779129,0.2422194629907608,1.894217251940944e-07,0.0009496032143943012,6.994405055138486e-14,0.34898430851518936,6,not_applicable,nan,109.52279204502702
long_anchor,harmonic_honeycomb,137,exact_cluster,v3-pilot-harmonic_honeycomb-exact-000,0.06318984254600968,0.004430919885635376,0.0064083486795425415,0.010839268565177917,0.07055337727069855,1.43005951969144e-07,1.897961965369177e-08,6.994405055138486e-14,0.34898430851518936,2,not_applicable,nan,0.898666912689805
sc_narr_shell1,harmonic_honeycomb,137,exact_cluster,v3-pilot-harmonic_honeycomb-exact-000,0.03692865046573057,0.0008869469165802002,0.004019021987915039,0.004905968904495239,0.05301610752940178,9.110799448208695e-08,2.8403531970866425e-08,6.994405055138486e-14,0.34898430851518936,9,not_applicable,nan,35.92079202644527
sc_narr,harmonic_honeycomb,137,exact_cluster,v3-pilot-harmonic_honeycomb-exact-000,0.01655509905684878,0.0004893094301223755,0.0011313557624816895,0.001620665192604065,0.03664665296673775,9.09060433595954e-08,1.1984108994056442e-07,6.994405055138486e-14,0.34898430851518936,21,not_applicable,nan,51.709291990846395
sc_hybrid25,harmonic_honeycomb,137,exact_cluster,v3-pilot-harmonic_honeycomb-exact-000,0.0074989048808239995,0.0001821368932723999,0.00022208690643310547,0.00040422379970550537,0.020001661032438278,8.202935086742968e-08,7.526149659042858e-08,6.994405055138486e-14,0.34898430851518936,25,not_applicable,nan,59.47720794938505
fourier_shell2,harmonic_honeycomb,137,exact_cluster,v3-pilot-harmonic_honeycomb-exact-001,0.06027031697927577,0.007811814546585083,0.009238183498382568,0.01704999804496765,0.11300894618034363,1.2217297284955464e-07,3.0122460970005704e-08,3.219646771412954e-15,0.4344713638020203,19,not_applicable,nan,16.958875115960836
kinetic_fourier21,harmonic_honeycomb,137,exact_cluster,v3-pilot-harmonic_honeycomb-exact-001,0.022665729814987046,0.0017396509647369385,0.0017397105693817139,0.0034793615341186523,0.057269252836704254,1.2136729221623455e-07,1.5554075361023934e-08,3.219646771412954e-15,0.4344713638020203,21,not_applicable,nan,20.50020801834762
kinetic_fourier25,harmonic_honeycomb,137,exact_cluster,v3-pilot-harmonic_honeycomb-exact-001,0.010005879729558992,0.0004877746105194092,0.00048789381980895996,0.0009756684303283691,0.03569158911705017,8.210934526373003e-09,4.5775376378287547e-08,3.219646771412954e-15,0.4344713638020203,27,not_applicable,nan,32.42791700176895
fourier_shell3,harmonic_honeycomb,137,exact_cluster,v3-pilot-harmonic_honeycomb-exact-001,0.006360569548912049,0.00016483664512634277,0.0002378523349761963,0.00040268898010253906,0.023293713107705116,2.1853388876280633e-08,2.562173939679724e-08,3.219646771412954e-15,0.4344713638020203,37,not_applicable,nan,60.70866691879928
wang_xie_adapted,harmonic_honeycomb,137,exact_cluster,v3-pilot-harmonic_honeycomb-exact-001,0.05588853192844996,0.004006445407867432,0.010221302509307861,0.014227747917175293,0.1006627231836319,1.1217880424574389e-07,3.366478651400939e-08,3.219646771412954e-15,0.4344713638020203,2,not_applicable,nan,0.7605419959872961
dai_adapted,harmonic_honeycomb,137,exact_cluster,v3-pilot-harmonic_honeycomb-exact-001,0.3786676660425014,0.14698076248168945,0.20311066508293152,0.35009142756462097,0.37328144907951355,1.9074998403034726e-07,0.0001987148862099275,3.219646771412954e-15,0.4344713638020203,6,not_applicable,nan,110.24608300067484
long_anchor,harmonic_honeycomb,137,exact_cluster,v3-pilot-harmonic_honeycomb-exact-001,0.09242765842093052,0.009903699159622192,0.018192261457443237,0.02809596061706543,0.11952565610408783,8.230767911676651e-08,5.593436114281758e-08,3.219646771412954e-15,0.4344713638020203,2,not_applicable,nan,1.043458003550768
sc_narr_shell1,harmonic_honeycomb,137,exact_cluster,v3-pilot-harmonic_honeycomb-exact-001,0.06151743109597627,0.004453897476196289,0.011470049619674683,0.01592394709587097,0.1045256033539772,4.7801304692285385e-08,9.65592903412471e-08,3.219646771412954e-15,0.4344713638020203,9,not_applicable,nan,36.101333098486066
sc_narr,harmonic_honeycomb,137,exact_cluster,v3-pilot-harmonic_honeycomb-exact-001,0.03247035048988789,0.002214372158050537,0.004272729158401489,0.006487101316452026,0.07651523500680923,7.380652755628603e-08,5.561735605397189e-08,3.219646771412954e-15,0.4344713638020203,21,not_applicable,nan,52.253416972234845
sc_hybrid25,harmonic_honeycomb,137,exact_cluster,v3-pilot-harmonic_honeycomb-exact-001,0.016526539574248572,0.0007798671722412109,0.0012708008289337158,0.0020506680011749268,0.047269973903894424,2.9691965774958362e-08,8.821603358910579e-08,3.219646771412954e-15,0.4344713638020203,25,not_applicable,nan,60.284874867647886
sr_routed25,harmonic_honeycomb,137,exact_cluster,v3-pilot-harmonic_honeycomb-exact-001,0.010005879729558992,0.0004877746105194092,0.00048789381980895996,0.0009756684303283691,0.03569158911705017,8.210934526373003e-09,4.5775376378287547e-08,3.219646771412954e-15,0.4344713638020203,27,fourier,2.93251988176587e-14,39.28904188796878
sc_hybrid25,harmonic_honeycomb,137,near_cluster,v3-pilot-harmonic_honeycomb-near-000,0.0024928399274214558,2.4089589715003967e-05,1.768488436937332e-05,4.177447408437729e-05,0.006114154122769833,7.246500621782559e-08,3.64345027037416e-07,0.0014123100190825948,0.24233390379393893,25,not_applicable,nan,60.507499845698476
sr_routed25,harmonic_honeycomb,137,near_cluster,v3-pilot-harmonic_honeycomb-near-000,0.0021941545330537667,4.8102810978889465e-06,2.6433728635311127e-05,3.124400973320007e-05,0.005092395935207605,4.1301801534388005e-08,7.077027817103954e-07,0.0014123100190825948,0.24233390379393893,25,fourier,3.2617172038371806e-14,35.334625048562884
fourier_shell2,harmonic_honeycomb,137,near_cluster,v3-pilot-harmonic_honeycomb-near-000,0.01115237067048252,0.00022250693291425705,0.00034446921199560165,0.0005669761449098587,0.018794836476445198,7.894283893250531e-08,9.211529459207668e-07,0.0014123100190825948,0.24233390379393893,19,not_applicable,nan,16.841917065903544
kinetic_fourier21,harmonic_honeycomb,137,near_cluster,v3-pilot-harmonic_honeycomb-near-000,0.0036828794764948015,4.261638969182968e-05,4.2370520532131195e-05,8.498691022396088e-05,0.008200578391551971,1.0221866619808395e-07,3.603351785841369e-07,0.0014123100190825948,0.24233390379393893,21,not_applicable,nan,20.90695803053677
kinetic_fourier25,harmonic_honeycomb,137,near_cluster,v3-pilot-harmonic_honeycomb-near-000,0.0021941545330537667,4.8102810978889465e-06,2.6433728635311127e-05,3.124400973320007e-05,0.005092395935207605,4.1301801534388005e-08,7.077027817103954e-07,0.0014123100190825948,0.24233390379393893,25,not_applicable,nan,28.510707896202803
fourier_shell3,harmonic_honeycomb,137,near_cluster,v3-pilot-harmonic_honeycomb-near-000,0.0004976046497130557,6.332993507385254e-07,1.317821443080902e-06,1.9511207938194275e-06,0.001511935843154788,9.43028490851816e-08,2.6618931769917253e-07,0.0014123100190825948,0.24233390379393893,37,not_applicable,nan,60.35341718234122
wang_xie_adapted,harmonic_honeycomb,137,near_cluster,v3-pilot-harmonic_honeycomb-near-000,0.08389391043910958,0.006128804758191109,0.005473039112985134,0.011601843871176243,0.05768021568655968,5.623404963905898e-08,2.4349486693608924e-07,0.0014123100190825948,0.24233390379393893,2,not_applicable,nan,0.7665411103516817
dai_adapted,harmonic_honeycomb,137,near_cluster,v3-pilot-harmonic_honeycomb-near-000,0.25147559876476483,0.016167134046554565,0.07669999450445175,0.09286712855100632,0.21971426904201508,1.527216415553312e-07,0.0009503114270046353,0.0014123100190825948,0.24233390379393893,6,not_applicable,nan,108.89091691933572
long_anchor,harmonic_honeycomb,137,near_cluster,v3-pilot-harmonic_honeycomb-near-000,0.0994818684664441,0.006910307332873344,0.008942968212068081,0.01585327461361885,0.06716666370630264,5.65551812048426e-08,1.8106582899690693e-07,0.0014123100190825948,0.24233390379393893,2,not_applicable,nan,1.1244169436395168
sc_narr_shell1,harmonic_honeycomb,137,near_cluster,v3-pilot-harmonic_honeycomb-near-000,0.031535035569996754,0.0016507487744092941,0.0010886145755648613,0.0027393633499741554,0.03498511761426926,1.3497927886518823e-07,5.540116490010405e-07,0.0014123100190825948,0.24233390379393893,9,not_applicable,nan,37.37833397462964
sc_narr,harmonic_honeycomb,137,near_cluster,v3-pilot-harmonic_honeycomb-near-000,0.00571428415482231,0.00013235025107860565,5.4261647164821625e-05,0.00018661189824342728,0.012010473757982254,4.55050181979999e-08,4.300579234950419e-07,0.0014123100190825948,0.24233390379393893,21,not_applicable,nan,52.11679101921618
sr_routed25,harmonic_honeycomb,137,near_cluster,v3-pilot-harmonic_honeycomb-near-001,0.01094579379212376,0.0004425644874572754,0.0004399120807647705,0.0008824765682220459,0.030005384236574173,6.055464685239542e-08,3.02125719997548e-08,0.0013836840240350479,0.3944110820502608,25,fourier,2.7377228020947046e-14,34.450083039700985
fourier_shell2,harmonic_honeycomb,137,near_cluster,v3-pilot-harmonic_honeycomb-near-001,0.046229118993275246,0.0051444172859191895,0.004776597023010254,0.009921014308929443,0.08441033214330673,1.3750690353031558e-07,5.735633479275748e-08,0.0013836840240350479,0.3944110820502608,19,not_applicable,nan,16.76387502811849
kinetic_fourier21,harmonic_honeycomb,137,near_cluster,v3-pilot-harmonic_honeycomb-near-001,0.016474576809797824,0.0009059309959411621,0.0009092092514038086,0.0018151402473449707,0.04044804722070694,8.152868036237493e-08,3.4446141938815344e-08,0.0013836840240350479,0.3944110820502608,21,not_applicable,nan,20.852624904364347
kinetic_fourier25,harmonic_honeycomb,137,near_cluster,v3-pilot-harmonic_honeycomb-near-001,0.01094579379212376,0.0004425644874572754,0.0004399120807647705,0.0008824765682220459,0.030005384236574173,6.055464685239542e-08,3.02125719997548e-08,0.0013836840240350479,0.3944110820502608,25,not_applicable,nan,28.401208808645606
fourier_shell3,harmonic_honeycomb,137,near_cluster,v3-pilot-harmonic_honeycomb-near-001,0.004178395656184593,9.822845458984375e-05,7.346272468566895e-05,0.0001716911792755127,0.014983939938247204,7.167975757393918e-08,7.109765931545553e-08,0.0013836840240350479,0.3944110820502608,37,not_applicable,nan,80.34737501293421
wang_xie_adapted,harmonic_honeycomb,137,near_cluster,v3-pilot-harmonic_honeycomb-near-001,0.045542456427525434,0.0031731128692626953,0.005255252122879028,0.008428364992141724,0.0727771446108818,8.30242220528632e-08,6.500457772062873e-08,0.0013836840240350479,0.3944110820502608,2,not_applicable,nan,0.8103749714791775
dai_adapted,harmonic_honeycomb,137,near_cluster,v3-pilot-harmonic_honeycomb-near-001,0.3388949262889138,0.09499484300613403,0.1469486951828003,0.24194353818893433,0.29888126254081726,8.793096339942963e-08,0.00029872567392885685,0.0013836840240350479,0.3944110820502608,6,not_applicable,nan,109.40425004810095
long_anchor,harmonic_honeycomb,137,near_cluster,v3-pilot-harmonic_honeycomb-near-001,0.07673843095320207,0.007621318101882935,0.010716646909713745,0.01833796501159668,0.0940127819776535,1.4069701914642962e-07,2.904051399355012e-08,0.0013836840240350479,0.3944110820502608,2,not_applicable,nan,0.9040420409291983
sc_narr_shell1,harmonic_honeycomb,137,near_cluster,v3-pilot-harmonic_honeycomb-near-001,0.04646980975091707,0.0021206140518188477,0.0067036449909210205,0.008824259042739868,0.07540332525968552,6.251711170968122e-08,4.324302338432062e-08,0.0013836840240350479,0.3944110820502608,9,not_applicable,nan,36.253167083486915
sc_narr,harmonic_honeycomb,137,near_cluster,v3-pilot-harmonic_honeycomb-near-001,0.024477534275191355,0.0013916194438934326,0.0022253096103668213,0.003616929054260254,0.05598566308617592,4.669837427861978e-08,1.0769864644544214e-07,0.0013836840240350479,0.3944110820502608,21,not_applicable,nan,51.71737493947148
sc_hybrid25,harmonic_honeycomb,137,near_cluster,v3-pilot-harmonic_honeycomb-near-001,0.011716641093829661,0.0005784034729003906,0.0004379451274871826,0.0010163486003875732,0.03260029852390289,1.0981937048626378e-07,6.328480850470442e-08,0.0013836840240350479,0.3944110820502608,25,not_applicable,nan,60.143375070765615
fourier_shell2,harmonic_honeycomb,137,near_cluster,v3-pilot-harmonic_honeycomb-near-002,0.04308975260695763,0.004689604043960571,0.003978163003921509,0.00866776704788208,0.07877226918935776,4.070977466241743e-08,4.350174620526559e-08,0.004703368706267308,0.385127988601588,19,not_applicable,nan,16.84766705147922
kinetic_fourier21,harmonic_honeycomb,137,near_cluster,v3-pilot-harmonic_honeycomb-near-002,0.015417317695356375,0.0007880628108978271,0.0007962286472320557,0.0015842914581298828,0.03762061893939972,8.14318725783636e-08,3.398903203333248e-08,0.004703368706267308,0.385127988601588,21,not_applicable,nan,20.90133400633931
kinetic_fourier25,harmonic_honeycomb,137,near_cluster,v3-pilot-harmonic_honeycomb-near-002,0.010092029970887458,0.00036218762397766113,0.0003884732723236084,0.0007506608963012695,0.027585215866565704,1.4480501397962087e-07,4.9539096380613046e-08,0.004703368706267308,0.385127988601588,25,not_applicable,nan,28.760707937180996
fourier_shell3,harmonic_honeycomb,137,near_cluster,v3-pilot-harmonic_honeycomb-near-002,0.0037522364940276776,8.144974708557129e-05,5.7578086853027344e-05,0.00013902783393859863,0.013471565209329128,1.040004604657696e-08,5.457490104276985e-08,0.004703368706267308,0.385127988601588,37,not_applicable,nan,60.24483288638294
wang_xie_adapted,harmonic_honeycomb,137,near_cluster,v3-pilot-harmonic_honeycomb-near-002,0.04342286550194379,0.0026855766773223877,0.005098462104797363,0.007784038782119751,0.06946693360805511,1.9498676984142094e-07,3.951675964231072e-08,0.004703368706267308,0.385127988601588,2,not_applicable,nan,0.7748340722173452
dai_adapted,harmonic_honeycomb,137,near_cluster,v3-pilot-harmonic_honeycomb-near-002,0.32891018434062597,0.08946368098258972,0.13338413834571838,0.2228478193283081,0.28709790110588074,1.3119259323346455e-07,0.000505029340274632,0.004703368706267308,0.385127988601588,6,not_applicable,nan,109.52841700054705
long_anchor,harmonic_honeycomb,137,near_cluster,v3-pilot-harmonic_honeycomb-near-002,0.07276150218702845,0.007756918668746948,0.008847743272781372,0.01660466194152832,0.08946599066257477,1.0364135827334309e-07,2.6686947762755153e-08,0.004703368706267308,0.385127988601588,2,not_applicable,nan,1.0222080163657665
sc_narr_shell1,harmonic_honeycomb,137,near_cluster,v3-pilot-harmonic_honeycomb-near-002,0.04444079891816625,0.0017706453800201416,0.0061460137367248535,0.007916659116744995,0.07070329040288925,2.8788975203752898e-08,8.785589500348578e-08,0.004703368706267308,0.385127988601588,9,not_applicable,nan,36.96525003761053
sc_narr,harmonic_honeycomb,137,near_cluster,v3-pilot-harmonic_honeycomb-near-002,0.022936015215236593,0.0010685324668884277,0.002104729413986206,0.003173261880874634,0.05228092521429062,9.095614283971543e-08,8.041975974037996e-08,0.004703368706267308,0.385127988601588,21,not_applicable,nan,52.06129117868841
sc_hybrid25,harmonic_honeycomb,137,near_cluster,v3-pilot-harmonic_honeycomb-near-002,0.010917570285864353,0.00048020482063293457,0.00039824843406677246,0.000878453254699707,0.030142996460199356,4.0508627563440314e-08,6.308412281441633e-08,0.004703368706267308,0.385127988601588,25,not_applicable,nan,60.1951249409467
sr_routed25,harmonic_honeycomb,137,near_cluster,v3-pilot-harmonic_honeycomb-near-002,0.010092029970887458,0.00036218762397766113,0.0003884732723236084,0.0007506608963012695,0.027585215866565704,1.4480501397962087e-07,4.9539096380613046e-08,0.004703368706267308,0.385127988601588,25,fourier,3.137032259935453e-14,34.63016706518829
sc_narr,harmonic_honeycomb,137,strict_ood,v3-pilot-harmonic_honeycomb-ood-000,0.013797064446138001,0.0006171315908432007,0.0004581362009048462,0.0010752677917480469,0.029175253584980965,1.148072412693324e-07,1.2593135068073025e-07,0.07833470759130604,0.28595042558455924,21,not_applicable,nan,52.0563751924783
sc_hybrid25,harmonic_honeycomb,137,strict_ood,v3-pilot-harmonic_honeycomb-ood-000,0.006018815473385641,0.00013655424118041992,0.00011646747589111328,0.0002530217170715332,0.015603920444846153,2.898916084959069e-08,3.098148937397127e-08,0.07833470759130604,0.28595042558455924,25,not_applicable,nan,60.26850012131035
sr_routed25,harmonic_honeycomb,137,strict_ood,v3-pilot-harmonic_honeycomb-ood-000,0.005110322676224169,6.885826587677002e-05,0.00011899322271347046,0.00018785148859024048,0.013349899090826511,7.064889473440417e-08,7.267533419508254e-08,0.07833470759130604,0.28595042558455924,25,fourier,2.9934381525192205e-14,35.22145817987621
fourier_shell2,harmonic_honeycomb,137,strict_ood,v3-pilot-harmonic_honeycomb-ood-000,0.027372829780995093,0.0018513798713684082,0.0014454275369644165,0.0032968074083328247,0.046108681708574295,8.370288695491723e-08,6.56259544484783e-08,0.07833470759130604,0.28595042558455924,19,not_applicable,nan,16.949916956946254
kinetic_fourier21,harmonic_honeycomb,137,strict_ood,v3-pilot-harmonic_honeycomb-ood-000,0.008750330461881738,0.0002804398536682129,0.00020856410264968872,0.0004890039563179016,0.020154230296611786,4.050614099693206e-08,1.2241856417460895e-08,0.07833470759130604,0.28595042558455924,21,not_applicable,nan,20.64845897257328
kinetic_fourier25,harmonic_honeycomb,137,strict_ood,v3-pilot-harmonic_honeycomb-ood-000,0.005110322676224169,6.885826587677002e-05,0.00011899322271347046,0.00018785148859024048,0.013349899090826511,7.064889473440417e-08,7.267533419508254e-08,0.07833470759130604,0.28595042558455924,25,not_applicable,nan,28.439999790862203
fourier_shell3,harmonic_honeycomb,137,strict_ood,v3-pilot-harmonic_honeycomb-ood-000,0.0017842115001245357,1.6570091247558594e-05,1.2964010238647461e-05,2.9534101486206055e-05,0.005988234654068947,6.889727122150191e-08,4.548383003566414e-08,0.07833470759130604,0.28595042558455924,37,not_applicable,nan,60.464249923825264
wang_xie_adapted,harmonic_honeycomb,137,strict_ood,v3-pilot-harmonic_honeycomb-ood-000,0.0853581906649455,0.005933240056037903,0.003604985773563385,0.009538225829601288,0.053898341953754425,4.899383965195625e-08,9.07422545992631e-08,0.07833470759130604,0.28595042558455924,2,not_applicable,nan,0.8341250941157341
dai_adapted,harmonic_honeycomb,137,strict_ood,v3-pilot-harmonic_honeycomb-ood-000,0.3011127198512428,0.06191512197256088,0.07759378105401993,0.1395089030265808,0.22997398674488068,1.0207455858335379e-07,0.0012617845786735415,0.07833470759130604,0.28595042558455924,6,not_applicable,nan,108.91812504269183
long_anchor,harmonic_honeycomb,137,strict_ood,v3-pilot-harmonic_honeycomb-ood-000,0.11400010112880317,0.007960245013237,0.009846679866313934,0.017806924879550934,0.07280703634023666,1.0620880108724862e-07,4.7946819847766164e-08,0.07833470759130604,0.28595042558455924,2,not_applicable,nan,0.8852500468492508
sc_narr_shell1,harmonic_honeycomb,137,strict_ood,v3-pilot-harmonic_honeycomb-ood-000,0.04429617222244175,0.003178924322128296,0.002491779625415802,0.005670703947544098,0.05289986729621887,7.56043909699855e-08,1.1186347848024525e-07,0.07833470759130604,0.28595042558455924,9,not_applicable,nan,36.19775013066828
sc_hybrid25,harmonic_honeycomb,137,strict_ood,v3-pilot-harmonic_honeycomb-ood-001,0.016722393973141698,0.001322031021118164,0.0006575882434844971,0.001979619264602661,0.044648148119449615,6.315443412674426e-08,7.581496674902155e-08,0.3259860939274327,0.23167535699420125,25,not_applicable,nan,59.38700004480779
sr_routed25,harmonic_honeycomb,137,strict_ood,v3-pilot-harmonic_honeycomb-ood-001,0.012876065792524026,0.0007919669151306152,0.0005047470331192017,0.001296713948249817,0.0372028574347496,2.1912998082740387e-08,3.884152022237686e-08,0.3259860939274327,0.23167535699420125,25,fourier,2.94181488251586e-14,35.18520900979638
fourier_shell2,harmonic_honeycomb,137,strict_ood,v3-pilot-harmonic_honeycomb-ood-001,0.04941775679050024,0.007034361362457275,0.004629999399185181,0.011664360761642456,0.09278909862041473,4.94912637538647e-08,4.334598457944594e-08,0.3259860939274327,0.23167535699420125,19,not_applicable,nan,16.820291988551617
kinetic_fourier21,harmonic_honeycomb,137,strict_ood,v3-pilot-harmonic_honeycomb-ood-001,0.02261370165704662,0.0023438334465026855,0.0009833574295043945,0.00332719087600708,0.05443054065108299,3.489836508663302e-08,3.063143694248538e-08,0.3259860939274327,0.23167535699420125,21,not_applicable,nan,20.608084043487906
kinetic_fourier25,harmonic_honeycomb,137,strict_ood,v3-pilot-harmonic_honeycomb-ood-001,0.012876065792524026,0.0007919669151306152,0.0005047470331192017,0.001296713948249817,0.0372028574347496,2.1912998082740387e-08,3.884152022237686e-08,0.3259860939274327,0.23167535699420125,25,not_applicable,nan,28.686000034213066
fourier_shell3,harmonic_honeycomb,137,strict_ood,v3-pilot-harmonic_honeycomb-ood-001,0.004605260237638905,0.0001296401023864746,8.493661880493164e-05,0.00021457672119140625,0.017006568610668182,9.998092864726971e-08,4.404735420848738e-08,0.3259860939274327,0.23167535699420125,37,not_applicable,nan,59.9238749127835
wang_xie_adapted,harmonic_honeycomb,137,strict_ood,v3-pilot-harmonic_honeycomb-ood-001,0.1703622150885261,0.017717599868774414,0.022451326251029968,0.04016892611980438,0.1083073765039444,4.5027392814311895e-08,6.506528649197207e-08,0.3259860939274327,0.23167535699420125,2,not_applicable,nan,0.764917116612196
dai_adapted,harmonic_honeycomb,137,strict_ood,v3-pilot-harmonic_honeycomb-ood-001,0.342367232005209,0.18536025285720825,0.08474782109260559,0.27010807394981384,0.3269401490688324,7.589390582651845e-08,0.0004443743673618883,0.3259860939274327,0.23167535699420125,6,not_applicable,nan,110.78529199585319
long_anchor,harmonic_honeycomb,137,strict_ood,v3-pilot-harmonic_honeycomb-ood-001,0.2007963153416975,0.03226745128631592,0.029201000928878784,0.0614684522151947,0.13187997043132782,3.8976288418979266e-08,6.152926346203458e-08,0.3259860939274327,0.23167535699420125,2,not_applicable,nan,0.9091249667108059
sc_narr_shell1,harmonic_honeycomb,137,strict_ood,v3-pilot-harmonic_honeycomb-ood-001,0.11814716165261968,0.01584601402282715,0.01557113230228424,0.03141714632511139,0.11499587446451187,1.3069001703058802e-07,6.323370627114855e-08,0.3259860939274327,0.23167535699420125,9,not_applicable,nan,35.93879099935293
sc_narr,harmonic_honeycomb,137,strict_ood,v3-pilot-harmonic_honeycomb-ood-001,0.032810788820490176,0.0029674172401428223,0.002866581082344055,0.0058339983224868774,0.06920329481363297,1.6690808646302457e-07,4.7863856877938815e-08,0.3259860939274327,0.23167535699420125,21,not_applicable,nan,51.86791601590812
sr_routed25,harmonic_honeycomb,137,strict_ood,v3-pilot-harmonic_honeycomb-ood-002,0.022088101846791556,0.0026072263717651367,0.001339048147201538,0.003946274518966675,0.06752587109804153,9.330974282129034e-08,3.5456004354728066e-08,0.39003794487386123,0.2640531698291569,25,fourier,3.0411820116241564e-14,34.512707963585854
fourier_shell2,harmonic_honeycomb,137,strict_ood,v3-pilot-harmonic_honeycomb-ood-002,0.08236099727279825,0.01838052272796631,0.01271626353263855,0.03109678626060486,0.15476003289222717,1.3436570900360323e-07,3.5377755835952485e-08,0.39003794487386123,0.2640531698291569,19,not_applicable,nan,17.106708139181137
kinetic_fourier21,harmonic_honeycomb,137,strict_ood,v3-pilot-harmonic_honeycomb-ood-002,0.03466576767889668,0.006274282932281494,0.001982450485229492,0.008256733417510986,0.08980519324541092,7.795835377244487e-08,7.019974646027549e-08,0.39003794487386123,0.2640531698291569,21,not_applicable,nan,20.735375117510557
kinetic_fourier25,harmonic_honeycomb,137,strict_ood,v3-pilot-harmonic_honeycomb-ood-002,0.022088101846791556,0.0026072263717651367,0.001339048147201538,0.003946274518966675,0.06752587109804153,9.330974282129034e-08,3.5456004354728066e-08,0.39003794487386123,0.2640531698291569,25,not_applicable,nan,28.45383295789361
fourier_shell3,harmonic_honeycomb,137,strict_ood,v3-pilot-harmonic_honeycomb-ood-002,0.010153981213786493,0.0005983710289001465,0.00042259693145751953,0.001020967960357666,0.037539612501859665,9.112918264442271e-08,1.2309851626923773e-07,0.39003794487386123,0.2640531698291569,37,not_applicable,nan,61.03433296084404
wang_xie_adapted,harmonic_honeycomb,137,strict_ood,v3-pilot-harmonic_honeycomb-ood-002,0.1590244484163282,0.05488461256027222,0.02114388346672058,0.0760284960269928,0.21590782701969147,4.34924185555019e-08,6.411898567648677e-08,0.39003794487386123,0.2640531698291569,2,not_applicable,nan,0.885708024725318
dai_adapted,harmonic_honeycomb,137,strict_ood,v3-pilot-harmonic_honeycomb-ood-002,0.41993247992531424,0.33324962854385376,0.1868797242641449,0.5201293230056763,0.48045438528060913,9.79058232264407e-08,0.00025323120644316077,0.39003794487386123,0.2640531698291569,6,not_applicable,nan,110.99366610869765
long_anchor,harmonic_honeycomb,137,strict_ood,v3-pilot-harmonic_honeycomb-ood-002,0.20725892895552267,0.06768167018890381,0.03545376658439636,0.10313543677330017,0.2191675305366516,1.4217049953210901e-08,4.4851852010197035e-08,0.39003794487386123,0.2640531698291569,2,not_applicable,nan,0.9332089684903622
sc_narr_shell1,harmonic_honeycomb,137,strict_ood,v3-pilot-harmonic_honeycomb-ood-002,0.13283362437053126,0.032582879066467285,0.017734229564666748,0.05031710863113403,0.16735507547855377,1.4797261527199623e-07,1.9477010226864877e-08,0.39003794487386123,0.2640531698291569,9,not_applicable,nan,36.15820803679526
sc_narr,harmonic_honeycomb,137,strict_ood,v3-pilot-harmonic_honeycomb-ood-002,0.05126126765368615,0.007197141647338867,0.00708848237991333,0.014285624027252197,0.11221008002758026,9.153533542249903e-08,8.166935572262446e-08,0.39003794487386123,0.2640531698291569,21,not_applicable,nan,52.010750165209174
sc_hybrid25,harmonic_honeycomb,137,strict_ood,v3-pilot-harmonic_honeycomb-ood-002,0.026231868869740202,0.003581523895263672,0.0015167593955993652,0.005098283290863037,0.07498802989721298,9.403862955004172e-08,9.17339377792814e-08,0.39003794487386123,0.2640531698291569,25,not_applicable,nan,59.60887507535517
sc_hybrid25,harmonic_honeycomb,137,gap_scan,v3-pilot-harmonic_honeycomb-gap-000,0.009635368721193926,0.00029098987579345703,0.0003815293312072754,0.0006725192070007324,0.026121696457266808,2.561917589183338e-08,3.643826218535651e-08,0.011650622118118459,0.36673543198137387,25,not_applicable,nan,60.0097079295665
sr_routed25,harmonic_honeycomb,137,gap_scan,v3-pilot-harmonic_honeycomb-gap-000,0.00859179505220762,0.0002442002296447754,0.00029790401458740234,0.0005421042442321777,0.023274805396795273,1.489798286957722e-07,7.362500298313535e-08,0.011650622118118459,0.36673543198137387,25,fourier,3.2023971148487096e-14,34.78816687129438
fourier_shell2,harmonic_honeycomb,137,gap_scan,v3-pilot-harmonic_honeycomb-gap-000,0.04105789497780862,0.00328749418258667,0.004251882433891296,0.007539376616477966,0.0718533992767334,5.0315190791572206e-08,8.742462398458883e-08,0.011650622118118459,0.36673543198137387,19,not_applicable,nan,16.785791842266917
kinetic_fourier21,harmonic_honeycomb,137,gap_scan,v3-pilot-harmonic_honeycomb-gap-000,0.01349520539953937,0.0005972087383270264,0.0006063282489776611,0.0012035369873046875,0.03250303491950035,4.463424274625538e-08,3.736717602009776e-08,0.011650622118118459,0.36673543198137387,21,not_applicable,nan,20.160832908004522
kinetic_fourier25,harmonic_honeycomb,137,gap_scan,v3-pilot-harmonic_honeycomb-gap-000,0.00859179505220762,0.0002442002296447754,0.00029790401458740234,0.0005421042442321777,0.023274805396795273,1.489798286957722e-07,7.362500298313535e-08,0.011650622118118459,0.36673543198137387,25,not_applicable,nan,28.56666687875986
fourier_shell3,harmonic_honeycomb,137,gap_scan,v3-pilot-harmonic_honeycomb-gap-000,0.003385511355017206,4.2438507080078125e-05,6.765127182006836e-05,0.00011008977890014648,0.011797810904681683,4.36002074444275e-08,9.029026415419139e-08,0.011650622118118459,0.36673543198137387,37,not_applicable,nan,60.2073750924319
wang_xie_adapted,harmonic_honeycomb,137,gap_scan,v3-pilot-harmonic_honeycomb-gap-000,0.046655309156651524,0.0035403072834014893,0.0031894445419311523,0.006729751825332642,0.062240928411483765,4.555735166889008e-08,8.009604357539502e-08,0.011650622118118459,0.36673543198137387,2,not_applicable,nan,0.8472918998450041
dai_adapted,harmonic_honeycomb,137,gap_scan,v3-pilot-harmonic_honeycomb-gap-000,0.3299478456619288,0.07126045227050781,0.1317143440246582,0.20297479629516602,0.271117240190506,3.009189919467303e-08,0.0004930256982333958,0.011650622118118459,0.36673543198137387,6,not_applicable,nan,108.64612506702542
long_anchor,harmonic_honeycomb,137,gap_scan,v3-pilot-harmonic_honeycomb-gap-000,0.07251664322702524,0.007131248712539673,0.006817325949668884,0.013948574662208557,0.08008922636508942,5.537551295287102e-08,7.90819569829182e-08,0.011650622118118459,0.36673543198137387,2,not_applicable,nan,0.905666034668684
sc_narr_shell1,harmonic_honeycomb,137,gap_scan,v3-pilot-harmonic_honeycomb-gap-000,0.04027821013648313,0.004563659429550171,0.001837402582168579,0.00640106201171875,0.06315527111291885,6.80854990164903e-08,5.608278286217683e-08,0.011650622118118459,0.36673543198137387,9,not_applicable,nan,36.119624972343445
sc_narr,harmonic_honeycomb,137,gap_scan,v3-pilot-harmonic_honeycomb-gap-000,0.02069162785247759,0.0015930235385894775,0.0009532570838928223,0.0025462806224823,0.04644794017076492,7.535288681914665e-08,8.822565433774798e-08,0.011650622118118459,0.36673543198137387,21,not_applicable,nan,51.82187515310943
sr_routed25,harmonic_honeycomb,137,gap_scan,v3-pilot-harmonic_honeycomb-gap-001,0.002033670666616745,6.3907355070114136e-06,2.2251158952713013e-05,2.8641894459724426e-05,0.005035570822656155,5.3923611798012416e-08,2.5946960136025154e-07,0.044799118066602465,0.2316637143229516,25,fourier,3.166252863736653e-14,34.92566687054932
fourier_shell2,harmonic_honeycomb,137,gap_scan,v3-pilot-harmonic_honeycomb-gap-001,0.015277551696151227,0.0003466606140136719,0.0006102323532104492,0.0009568929672241211,0.023447349667549133,2.411259059087456e-08,2.453576257721579e-07,0.044799118066602465,0.2316637143229516,19,not_applicable,nan,16.607374884188175
kinetic_fourier21,harmonic_honeycomb,137,gap_scan,v3-pilot-harmonic_honeycomb-gap-001,0.0039565622303804,5.239993333816528e-05,4.443153738975525e-05,9.683147072792053e-05,0.008739573881030083,6.317920819842726e-08,1.6196456442685303e-07,0.044799118066602465,0.2316637143229516,21,not_applicable,nan,20.463959081098437
kinetic_fourier25,harmonic_honeycomb,137,gap_scan,v3-pilot-harmonic_honeycomb-gap-001,0.002033670666616745,6.3907355070114136e-06,2.2251158952713013e-05,2.8641894459724426e-05,0.005035570822656155,5.3923611798012416e-08,2.5946960136025154e-07,0.044799118066602465,0.2316637143229516,25,not_applicable,nan,28.092249995097518
fourier_shell3,harmonic_honeycomb,137,gap_scan,v3-pilot-harmonic_honeycomb-gap-001,0.0006741416804811074,1.2079253792762756e-06,2.7529895305633545e-06,3.96091490983963e-06,0.0021129734814167023,8.91928932933439e-08,3.319920267585985e-07,0.044799118066602465,0.2316637143229516,37,not_applicable,nan,60.13991707004607
wang_xie_adapted,harmonic_honeycomb,137,gap_scan,v3-pilot-harmonic_honeycomb-gap-001,0.13188135496384792,0.00966507289558649,0.006964799016714096,0.016629870980978012,0.06017965450882912,8.031684706200082e-08,1.450062114827233e-07,0.044799118066602465,0.2316637143229516,2,not_applicable,nan,0.7735409308224916
dai_adapted,harmonic_honeycomb,137,gap_scan,v3-pilot-harmonic_honeycomb-gap-001,0.3194047467151321,0.020894084125757217,0.09433906525373459,0.1152331531047821,0.23389331996440887,6.954240217016405e-08,0.0005556294927373528,0.044799118066602465,0.2316637143229516,6,not_applicable,nan,113.1454159040004
long_anchor,harmonic_honeycomb,137,gap_scan,v3-pilot-harmonic_honeycomb-gap-001,0.14190055564128035,0.01289408840239048,0.0075430236756801605,0.02043711207807064,0.0677354484796524,8.06661235586148e-08,3.091382723141578e-07,0.044799118066602465,0.2316637143229516,2,not_applicable,nan,0.8948750328272581
sc_narr_shell1,harmonic_honeycomb,137,gap_scan,v3-pilot-harmonic_honeycomb-gap-001,0.03888080038164589,0.001966247335076332,0.00193115696310997,0.003897404298186302,0.042494382709264755,1.5182251456025142e-07,1.252028170029007e-07,0.044799118066602465,0.2316637143229516,9,not_applicable,nan,41.58454202115536
sc_narr,harmonic_honeycomb,137,gap_scan,v3-pilot-harmonic_honeycomb-gap-001,0.006505663246752082,0.0001567089930176735,8.531659841537476e-05,0.00024202559143304825,0.013872354291379452,1.3110240959512964e-07,2.4345337124032085e-07,0.044799118066602465,0.2316637143229516,21,not_applicable,nan,52.61554196476936
sc_hybrid25,harmonic_honeycomb,137,gap_scan,v3-pilot-harmonic_honeycomb-gap-001,0.002883455003491951,3.2452866435050964e-05,2.2042542695999146e-05,5.449540913105011e-05,0.006955273915082216,1.2927937875772955e-07,4.456198325897276e-07,0.044799118066602465,0.2316637143229516,25,not_applicable,nan,59.92579204030335
fourier_shell2,harmonic_honeycomb,251,iid_hidden,v3-pilot-harmonic_honeycomb-iid-000,0.009143312845081807,0.00022901315242052078,0.0001661553978919983,0.0003951685503125191,0.015877820551395416,1.3077142357875715e-07,1.4965043249048904e-07,0.03607408623350758,0.21578235088138303,19,not_applicable,nan,19.028792157769203
kinetic_fourier21,harmonic_honeycomb,251,iid_hidden,v3-pilot-harmonic_honeycomb-iid-000,0.0033610204984910043,3.768410533666611e-05,3.2942742109298706e-05,7.062684744596481e-05,0.007456825580447912,8.348435054372771e-08,3.028561934570462e-07,0.03607408623350758,0.21578235088138303,21,not_applicable,nan,20.793583942577243
kinetic_fourier25,harmonic_honeycomb,251,iid_hidden,v3-pilot-harmonic_honeycomb-iid-000,0.0018959311436624706,8.732080459594727e-06,1.4640390872955322e-05,2.337247133255005e-05,0.004430616740137339,3.182703889326177e-08,2.4606276838312624e-07,0.03607408623350758,0.21578235088138303,25,not_applicable,nan,28.576707933098078
fourier_shell3,harmonic_honeycomb,251,iid_hidden,v3-pilot-harmonic_honeycomb-iid-000,0.0001557990821329341,6.966292858123779e-07,4.507601261138916e-07,1.1473894119262695e-06,0.001169924857094884,9.528994349139452e-08,2.9477797625077073e-07,0.03607408623350758,0.21578235088138303,37,not_applicable,nan,60.36479095928371
wang_xie_adapted,harmonic_honeycomb,251,iid_hidden,v3-pilot-harmonic_honeycomb-iid-000,0.08610955595076186,0.004954040050506592,0.00709281861782074,0.012046858668327332,0.05781058967113495,1.1020746382151003e-07,2.6656877594177786e-07,0.03607408623350758,0.21578235088138303,2,not_applicable,nan,0.7904588710516691
dai_adapted,harmonic_honeycomb,251,iid_hidden,v3-pilot-harmonic_honeycomb-iid-000,0.22709683375685816,0.034701913595199585,0.050781406462192535,0.08548332005739212,0.2821710407733917,1.1215053019597576e-07,0.001313973916694522,0.03607408623350758,0.21578235088138303,6,not_applicable,nan,108.5492498241365
long_anchor,harmonic_honeycomb,251,iid_hidden,v3-pilot-harmonic_honeycomb-iid-000,0.10174998517832519,0.007728436030447483,0.010641716420650482,0.01837015151977539,0.07384751737117767,1.0570650710306495e-07,2.2917186015547486e-07,0.03607408623350758,0.21578235088138303,2,not_applicable,nan,0.9120001923292875
sc_narr_shell1,harmonic_honeycomb,251,iid_hidden,v3-pilot-harmonic_honeycomb-iid-000,0.028834949433539852,0.0010291021317243576,0.0012825094163417816,0.0023116115480661392,0.03228319063782692,1.0578219988843784e-07,1.8410953828151833e-07,0.03607408623350758,0.21578235088138303,9,not_applicable,nan,36.2234169151634
sc_narr,harmonic_honeycomb,251,iid_hidden,v3-pilot-harmonic_honeycomb-iid-000,0.004850400529842771,5.298573523759842e-05,7.980689406394958e-05,0.000132792629301548,0.009982871823012829,1.2102479929332333e-07,2.372417640117419e-07,0.03607408623350758,0.21578235088138303,21,not_applicable,nan,51.70258414000273
sc_hybrid25,harmonic_honeycomb,251,iid_hidden,v3-pilot-harmonic_honeycomb-iid-000,0.002009497722691317,1.3636425137519836e-05,1.3504177331924438e-05,2.7140602469444275e-05,0.0048760417848825455,1.0557662943888602e-07,2.3651379876810097e-07,0.03607408623350758,0.21578235088138303,25,not_applicable,nan,59.9284169729799
sr_routed25,harmonic_honeycomb,251,iid_hidden,v3-pilot-harmonic_honeycomb-iid-000,0.0018959311436624706,8.732080459594727e-06,1.4640390872955322e-05,2.337247133255005e-05,0.004430616740137339,3.182703889326177e-08,2.4606276838312624e-07,0.03607408623350758,0.21578235088138303,25,fourier,3.242802280498634e-14,34.852208103984594
kinetic_fourier21,harmonic_honeycomb,251,iid_hidden,v3-pilot-harmonic_honeycomb-iid-001,0.019531559837705898,0.001779019832611084,0.0007949769496917725,0.0025739967823028564,0.04844827204942703,4.1647702397895614e-08,1.116663739253454e-07,0.1943433759015376,0.3061152070630356,21,not_applicable,nan,20.607084035873413
kinetic_fourier25,harmonic_honeycomb,251,iid_hidden,v3-pilot-harmonic_honeycomb-iid-001,0.01265683504906961,0.0007836818695068359,0.0004233419895172119,0.0012070238590240479,0.03548000752925873,4.417826682256987e-08,6.936402030532918e-08,0.1943433759015376,0.3061152070630356,25,not_applicable,nan,28.489874908700585
fourier_shell3,harmonic_honeycomb,251,iid_hidden,v3-pilot-harmonic_honeycomb-iid-001,0.004946539322103842,0.00013977289199829102,0.00010201334953308105,0.00024178624153137207,0.017880024388432503,7.442062943674443e-08,6.853634459957902e-08,0.1943433759015376,0.3061152070630356,37,not_applicable,nan,59.63712488301098
wang_xie_adapted,harmonic_honeycomb,251,iid_hidden,v3-pilot-harmonic_honeycomb-iid-001,0.08044871368769266,0.008924663066864014,0.005288451910018921,0.014213114976882935,0.07802741974592209,6.754808712372551e-08,6.098627380879407e-08,0.1943433759015376,0.3061152070630356,2,not_applicable,nan,0.7637080270797014
dai_adapted,harmonic_honeycomb,251,iid_hidden,v3-pilot-harmonic_honeycomb-iid-001,0.33891170283034217,0.15316998958587646,0.1060408502817154,0.25921082496643066,0.3357437252998352,1.0955139417845317e-07,0.0003008763014804572,0.1943433759015376,0.3061152070630356,6,not_applicable,nan,108.15012501552701
long_anchor,harmonic_honeycomb,251,iid_hidden,v3-pilot-harmonic_honeycomb-iid-001,0.10488491230744115,0.017349451780319214,0.007700413465499878,0.025049865245819092,0.1037202700972557,2.0788732291165957e-08,5.884770715169907e-08,0.1943433759015376,0.3061152070630356,2,not_applicable,nan,0.9187080431729555
sc_narr_shell1,harmonic_honeycomb,251,iid_hidden,v3-pilot-harmonic_honeycomb-iid-001,0.0746919218911971,0.01118779182434082,0.005600959062576294,0.016788750886917114,0.09511321038007736,7.953526104387265e-08,1.4659492819646402e-07,0.1943433759015376,0.3061152070630356,9,not_applicable,nan,36.411500070244074
sc_narr,harmonic_honeycomb,251,iid_hidden,v3-pilot-harmonic_honeycomb-iid-001,0.028510415963280866,0.002533137798309326,0.002087503671646118,0.004620641469955444,0.06169206649065018,2.5625773392157214e-07,4.243195661501886e-08,0.1943433759015376,0.3061152070630356,21,not_applicable,nan,51.518999971449375
sc_hybrid25,harmonic_honeycomb,251,iid_hidden,v3-pilot-harmonic_honeycomb-iid-001,0.013674136143956746,0.0009329915046691895,0.00040921568870544434,0.0013422071933746338,0.03695680946111679,1.214566892615565e-07,1.5408689080231852e-07,0.1943433759015376,0.3061152070630356,25,not_applicable,nan,60.69141603074968
sr_routed25,harmonic_honeycomb,251,iid_hidden,v3-pilot-harmonic_honeycomb-iid-001,0.01265683504906961,0.0007836818695068359,0.0004233419895172119,0.0012070238590240479,0.03548000752925873,4.417826682256987e-08,6.936402030532918e-08,0.1943433759015376,0.3061152070630356,25,fourier,3.240651155625787e-14,34.39179202541709
fourier_shell2,harmonic_honeycomb,251,iid_hidden,v3-pilot-harmonic_honeycomb-iid-001,0.05184658636270358,0.00716400146484375,0.005275815725326538,0.012439817190170288,0.09501181542873383,4.023419286625085e-08,3.235643930565857e-08,0.1943433759015376,0.3061152070630356,19,not_applicable,nan,16.94112503901124
fourier_shell3,harmonic_honeycomb,251,exact_cluster,v3-pilot-harmonic_honeycomb-exact-000,0.0023142280540806737,1.9103288650512695e-05,3.306567668914795e-05,5.2168965339660645e-05,0.008111158385872841,3.911809143275491e-08,9.564832481601115e-08,6.994405055138486e-14,0.34898430851518936,37,not_applicable,nan,60.38645911030471
wang_xie_adapted,harmonic_honeycomb,251,exact_cluster,v3-pilot-harmonic_honeycomb-exact-000,0.03094733979893589,0.0009380131959915161,0.0016075074672698975,0.0025455206632614136,0.03945445641875267,9.576644433018089e-08,3.718167818078655e-08,6.994405055138486e-14,0.34898430851518936,2,not_applicable,nan,0.7859161123633385
dai_adapted,harmonic_honeycomb,251,exact_cluster,v3-pilot-harmonic_honeycomb-exact-000,0.2894618211421912,0.045298442244529724,0.10522530227899551,0.15052375197410583,0.26908013224601746,7.904308185757714e-08,0.0004037334583699703,6.994405055138486e-14,0.34898430851518936,6,not_applicable,nan,109.3566669151187
long_anchor,harmonic_honeycomb,251,exact_cluster,v3-pilot-harmonic_honeycomb-exact-000,0.04266435207356222,0.0018059313297271729,0.0041058361530303955,0.005911767482757568,0.0566503182053566,3.442795892816264e-08,8.228325043546647e-08,6.994405055138486e-14,0.34898430851518936,2,not_applicable,nan,0.9082499891519547
sc_narr_shell1,harmonic_honeycomb,251,exact_cluster,v3-pilot-harmonic_honeycomb-exact-000,0.035022398413590713,0.0013262182474136353,0.003415435552597046,0.004741653800010681,0.05299901217222214,7.767480325604481e-08,3.202151077630333e-08,6.994405055138486e-14,0.34898430851518936,9,not_applicable,nan,35.82724998705089
sc_narr,harmonic_honeycomb,251,exact_cluster,v3-pilot-harmonic_honeycomb-exact-000,0.016070680853769077,0.0005381852388381958,0.000950738787651062,0.0014889240264892578,0.034550391137599945,4.4885583250220407e-08,5.873337016737423e-08,6.994405055138486e-14,0.34898430851518936,21,not_applicable,nan,53.27700008638203
sc_hybrid25,harmonic_honeycomb,251,exact_cluster,v3-pilot-harmonic_honeycomb-exact-000,0.006761160094920169,0.00010833144187927246,0.00021825730800628662,0.0003265887498855591,0.017949525266885757,1.211495079811442e-07,7.915495103816284e-08,6.994405055138486e-14,0.34898430851518936,25,not_applicable,nan,60.05245796404779
sr_routed25,harmonic_honeycomb,251,exact_cluster,v3-pilot-harmonic_honeycomb-exact-000,0.003696267690510035,6.452202796936035e-05,6.459653377532959e-05,0.00012911856174468994,0.012593748979270458,5.990817486534183e-08,5.98481832980724e-08,6.994405055138486e-14,0.34898430851518936,27,fourier,3.689089710253411e-14,39.23695906996727
fourier_shell2,harmonic_honeycomb,251,exact_cluster,v3-pilot-harmonic_honeycomb-exact-000,0.03187954241451509,0.002000570297241211,0.0026631057262420654,0.004663676023483276,0.05639323592185974,4.337934056408699e-08,5.417619419745279e-08,6.994405055138486e-14,0.34898430851518936,19,not_applicable,nan,16.889957943931222
kinetic_fourier21,harmonic_honeycomb,251,exact_cluster,v3-pilot-harmonic_honeycomb-exact-000,0.010806467560894121,0.0003815293312072754,0.0003815293312072754,0.0007630586624145508,0.02555781416594982,4.829186361909876e-08,3.366361411849539e-08,6.994405055138486e-14,0.34898430851518936,21,not_applicable,nan,20.48575016669929
kinetic_fourier25,harmonic_honeycomb,251,exact_cluster,v3-pilot-harmonic_honeycomb-exact-000,0.003696267690510035,6.452202796936035e-05,6.459653377532959e-05,0.00012911856174468994,0.012593748979270458,5.990817486534183e-08,5.98481832980724e-08,6.994405055138486e-14,0.34898430851518936,27,not_applicable,nan,33.115125028416514
wang_xie_adapted,harmonic_honeycomb,251,exact_cluster,v3-pilot-harmonic_honeycomb-exact-001,0.04918136371846269,0.0030128061771392822,0.007642388343811035,0.010655194520950317,0.08891803026199341,8.050064126408074e-08,7.054699580066881e-08,3.219646771412954e-15,0.4344713638020203,2,not_applicable,nan,0.7810827810317278
dai_adapted,harmonic_honeycomb,251,exact_cluster,v3-pilot-harmonic_honeycomb-exact-001,0.3599242651865776,0.12361109256744385,0.19520509243011475,0.3188161849975586,0.3966113030910492,9.908472953235048e-08,0.0004410448600538075,3.219646771412954e-15,0.4344713638020203,6,not_applicable,nan,110.76529114507139
long_anchor,harmonic_honeycomb,251,exact_cluster,v3-pilot-harmonic_honeycomb-exact-001,0.07705951242185753,0.008425533771514893,0.015642255544662476,0.024067789316177368,0.12450917810201645,1.6883357500940832e-07,5.609725306499058e-08,3.219646771412954e-15,0.4344713638020203,2,not_applicable,nan,0.9469590149819851
sc_narr_shell1,harmonic_honeycomb,251,exact_cluster,v3-pilot-harmonic_honeycomb-exact-001,0.0608043542852242,0.004215359687805176,0.011463016271591187,0.015678375959396362,0.10290512442588806,7.251797784491032e-08,4.180269641551604e-08,3.219646771412954e-15,0.4344713638020203,9,not_applicable,nan,36.1041659489274
sc_narr,harmonic_honeycomb,251,exact_cluster,v3-pilot-harmonic_honeycomb-exact-001,0.03146119230997846,0.0024233460426330566,0.0034630894660949707,0.005886435508728027,0.07141251116991043,1.0644117331981562e-07,4.865071190351955e-08,3.219646771412954e-15,0.4344713638020203,21,not_applicable,nan,71.92379189655185
sc_hybrid25,harmonic_honeycomb,251,exact_cluster,v3-pilot-harmonic_honeycomb-exact-001,0.015542800200873463,0.0005179345607757568,0.0012712180614471436,0.0017891526222229004,0.04408671334385872,1.1103686436975124e-07,4.28948361275161e-08,3.219646771412954e-15,0.4344713638020203,25,not_applicable,nan,59.837458189576864
sr_routed25,harmonic_honeycomb,251,exact_cluster,v3-pilot-harmonic_honeycomb-exact-001,0.010005879729558992,0.0004877746105194092,0.00048789381980895996,0.0009756684303283691,0.03569158911705017,8.210934526373003e-09,4.5775376378287547e-08,3.219646771412954e-15,0.4344713638020203,27,fourier,2.93251988176587e-14,38.97237521596253
fourier_shell2,harmonic_honeycomb,251,exact_cluster,v3-pilot-harmonic_honeycomb-exact-001,0.06027031697927577,0.007811814546585083,0.009238183498382568,0.01704999804496765,0.11300894618034363,1.2217297284955464e-07,3.0122460970005704e-08,3.219646771412954e-15,0.4344713638020203,19,not_applicable,nan,17.040417063981295
kinetic_fourier21,harmonic_honeycomb,251,exact_cluster,v3-pilot-harmonic_honeycomb-exact-001,0.022665729814987046,0.0017396509647369385,0.0017397105693817139,0.0034793615341186523,0.057269252836704254,1.2136729221623455e-07,1.5554075361023934e-08,3.219646771412954e-15,0.4344713638020203,21,not_applicable,nan,20.115582970902324
kinetic_fourier25,harmonic_honeycomb,251,exact_cluster,v3-pilot-harmonic_honeycomb-exact-001,0.010005879729558992,0.0004877746105194092,0.00048789381980895996,0.0009756684303283691,0.03569158911705017,8.210934526373003e-09,4.5775376378287547e-08,3.219646771412954e-15,0.4344713638020203,27,not_applicable,nan,32.35379094257951
fourier_shell3,harmonic_honeycomb,251,exact_cluster,v3-pilot-harmonic_honeycomb-exact-001,0.006360569548912049,0.00016483664512634277,0.0002378523349761963,0.00040268898010253906,0.023293713107705116,2.1853388876280633e-08,2.562173939679724e-08,3.219646771412954e-15,0.4344713638020203,37,not_applicable,nan,60.32133288681507
kinetic_fourier25,harmonic_honeycomb,251,near_cluster,v3-pilot-harmonic_honeycomb-near-000,0.0021941545330537667,4.8102810978889465e-06,2.6433728635311127e-05,3.124400973320007e-05,0.005092395935207605,4.1301801534388005e-08,7.077027817103954e-07,0.0014123100190825948,0.24233390379393893,25,not_applicable,nan,28.449249919503927
fourier_shell3,harmonic_honeycomb,251,near_cluster,v3-pilot-harmonic_honeycomb-near-000,0.0004976046497130557,6.332993507385254e-07,1.317821443080902e-06,1.9511207938194275e-06,0.001511935843154788,9.43028490851816e-08,2.6618931769917253e-07,0.0014123100190825948,0.24233390379393893,37,not_applicable,nan,59.87750017084181
wang_xie_adapted,harmonic_honeycomb,251,near_cluster,v3-pilot-harmonic_honeycomb-near-000,0.07975298693940454,0.0044943057000637054,0.005184418521821499,0.009678724221885204,0.052603814750909805,6.335139268731638e-08,4.855451152252499e-07,0.0014123100190825948,0.24233390379393893,2,not_applicable,nan,0.8547918405383825
dai_adapted,harmonic_honeycomb,251,near_cluster,v3-pilot-harmonic_honeycomb-near-000,0.24906167412993455,0.016355367377400398,0.07465752214193344,0.09101288765668869,0.2846304476261139,1.1062620863810935e-07,0.00125715637113899,0.0014123100190825948,0.24233390379393893,6,not_applicable,nan,112.92454088106751
long_anchor,harmonic_honeycomb,251,near_cluster,v3-pilot-harmonic_honeycomb-near-000,0.09124910128204311,0.007676349952816963,0.007730280049145222,0.015406630001962185,0.06935170292854309,1.3852531455249562e-07,2.894527426633431e-07,0.0014123100190825948,0.24233390379393893,2,not_applicable,nan,0.9120840113610029
sc_narr_shell1,harmonic_honeycomb,251,near_cluster,v3-pilot-harmonic_honeycomb-near-000,0.02971987739336412,0.001234292984008789,0.0013300059363245964,0.0025642989203333855,0.03513924032449722,9.106679410564311e-09,5.056109557699529e-07,0.0014123100190825948,0.24233390379393893,9,not_applicable,nan,35.99649993702769
sc_narr,harmonic_honeycomb,251,near_cluster,v3-pilot-harmonic_honeycomb-near-000,0.00554950979408004,0.00011554453521966934,5.825422704219818e-05,0.00017379876226186752,0.011444016359746456,1.7627598514202703e-07,3.0815959917163127e-07,0.0014123100190825948,0.24233390379393893,21,not_applicable,nan,51.45983397960663
sc_hybrid25,harmonic_honeycomb,251,near_cluster,v3-pilot-harmonic_honeycomb-near-000,0.0022095855781842345,1.5826895833015442e-05,1.678895205259323e-05,3.261584788560867e-05,0.00537513755261898,9.193539352025937e-08,4.5825177608094236e-07,0.0014123100190825948,0.24233390379393893,25,not_applicable,nan,60.71966700255871
sr_routed25,harmonic_honeycomb,251,near_cluster,v3-pilot-harmonic_honeycomb-near-000,0.0021941545330537667,4.8102810978889465e-06,2.6433728635311127e-05,3.124400973320007e-05,0.005092395935207605,4.1301801534388005e-08,7.077027817103954e-07,0.0014123100190825948,0.24233390379393893,25,fourier,3.2617172038371806e-14,34.36829196289182
fourier_shell2,harmonic_honeycomb,251,near_cluster,v3-pilot-harmonic_honeycomb-near-000,0.01115237067048252,0.00022250693291425705,0.00034446921199560165,0.0005669761449098587,0.018794836476445198,7.894283893250531e-08,9.211529459207668e-07,0.0014123100190825948,0.24233390379393893,19,not_applicable,nan,17.041000071913004
kinetic_fourier21,harmonic_honeycomb,251,near_cluster,v3-pilot-harmonic_honeycomb-near-000,0.0036828794764948015,4.261638969182968e-05,4.2370520532131195e-05,8.498691022396088e-05,0.008200578391551971,1.0221866619808395e-07,3.603351785841369e-07,0.0014123100190825948,0.24233390379393893,21,not_applicable,nan,20.240499870851636
fourier_shell3,harmonic_honeycomb,251,near_cluster,v3-pilot-harmonic_honeycomb-near-001,0.004178395656184593,9.822845458984375e-05,7.346272468566895e-05,0.0001716911792755127,0.014983939938247204,7.167975757393918e-08,7.109765931545553e-08,0.0013836840240350479,0.3944110820502608,37,not_applicable,nan,60.606708051636815
wang_xie_adapted,harmonic_honeycomb,251,near_cluster,v3-pilot-harmonic_honeycomb-near-001,0.03717633211339441,0.0015543103218078613,0.0036618709564208984,0.00521618127822876,0.05810539424419403,4.16568584071797e-08,7.824834113989709e-08,0.0013836840240350479,0.3944110820502608,2,not_applicable,nan,0.9285002015531063
dai_adapted,harmonic_honeycomb,251,near_cluster,v3-pilot-harmonic_honeycomb-near-001,0.32509110546048053,0.08160367608070374,0.1433057188987732,0.22490939497947693,0.31963902711868286,1.133212563786401e-07,0.00024454965023323894,0.0013836840240350479,0.3944110820502608,6,not_applicable,nan,109.41883292980492
long_anchor,harmonic_honeycomb,251,near_cluster,v3-pilot-harmonic_honeycomb-near-001,0.05533759505048582,0.003411531448364258,0.00776362419128418,0.011175155639648438,0.08029448240995407,1.6104829181351477e-07,5.609213715729311e-08,0.0013836840240350479,0.3944110820502608,2,not_applicable,nan,0.9082090109586716
sc_narr_shell1,harmonic_honeycomb,251,near_cluster,v3-pilot-harmonic_honeycomb-near-001,0.04534637273154997,0.002276599407196045,0.006384909152984619,0.008661508560180664,0.07463500648736954,1.3576282520411098e-07,3.678197657563942e-08,0.0013836840240350479,0.3944110820502608,9,not_applicable,nan,36.19524999521673
sc_narr,harmonic_honeycomb,251,near_cluster,v3-pilot-harmonic_honeycomb-near-001,0.02372055856756617,0.0013312995433807373,0.001966625452041626,0.0032979249954223633,0.052477069199085236,4.535348530065875e-08,6.77299141216281e-08,0.0013836840240350479,0.3944110820502608,21,not_applicable,nan,52.15641716495156
sc_hybrid25,harmonic_honeycomb,251,near_cluster,v3-pilot-harmonic_honeycomb-near-001,0.010802356334470286,0.0005156993865966797,0.00034096837043762207,0.0008566677570343018,0.029896069318056107,1.3072818827453148e-07,7.783663846794298e-08,0.0013836840240350479,0.3944110820502608,25,not_applicable,nan,59.9506248254329
sr_routed25,harmonic_honeycomb,251,near_cluster,v3-pilot-harmonic_honeycomb-near-001,0.01094579379212376,0.0004425644874572754,0.0004399120807647705,0.0008824765682220459,0.030005384236574173,6.055464685239542e-08,3.02125719997548e-08,0.0013836840240350479,0.3944110820502608,25,fourier,2.7377228020947046e-14,34.82137504033744
fourier_shell2,harmonic_honeycomb,251,near_cluster,v3-pilot-harmonic_honeycomb-near-001,0.046229118993275246,0.0051444172859191895,0.004776597023010254,0.009921014308929443,0.08441033214330673,1.3750690353031558e-07,5.735633479275748e-08,0.0013836840240350479,0.3944110820502608,19,not_applicable,nan,16.792417038232088
kinetic_fourier21,harmonic_honeycomb,251,near_cluster,v3-pilot-harmonic_honeycomb-near-001,0.016474576809797824,0.0009059309959411621,0.0009092092514038086,0.0018151402473449707,0.04044804722070694,8.152868036237493e-08,3.4446141938815344e-08,0.0013836840240350479,0.3944110820502608,21,not_applicable,nan,20.72795806452632
kinetic_fourier25,harmonic_honeycomb,251,near_cluster,v3-pilot-harmonic_honeycomb-near-001,0.01094579379212376,0.0004425644874572754,0.0004399120807647705,0.0008824765682220459,0.030005384236574173,6.055464685239542e-08,3.02125719997548e-08,0.0013836840240350479,0.3944110820502608,25,not_applicable,nan,28.375708032399416
wang_xie_adapted,harmonic_honeycomb,251,near_cluster,v3-pilot-harmonic_honeycomb-near-002,0.03593319922596179,0.0014039278030395508,0.00321999192237854,0.004623919725418091,0.054283507168293,7.866483764384924e-08,7.325570550165139e-08,0.004703368706267308,0.385127988601588,2,not_applicable,nan,0.9113328997045755
dai_adapted,harmonic_honeycomb,251,near_cluster,v3-pilot-harmonic_honeycomb-near-002,0.3154745460882442,0.07713821530342102,0.13045410811901093,0.20759232342243195,0.3076116740703583,1.3868053816423753e-08,0.0003853019734378904,0.004703368706267308,0.385127988601588,6,not_applicable,nan,109.63004105724394
long_anchor,harmonic_honeycomb,251,near_cluster,v3-pilot-harmonic_honeycomb-near-002,0.05241165824381482,0.0032265186309814453,0.006585448980331421,0.009811967611312866,0.07482914626598358,1.5633757177724306e-08,2.797887965755308e-08,0.004703368706267308,0.385127988601588,2,not_applicable,nan,0.9039998985826969
sc_narr_shell1,harmonic_honeycomb,251,near_cluster,v3-pilot-harmonic_honeycomb-near-002,0.043349095571333846,0.002270728349685669,0.005520671606063843,0.007791399955749512,0.07015516608953476,9.571959314058631e-08,8.476419566250115e-08,0.004703368706267308,0.385127988601588,9,not_applicable,nan,36.17845801636577
sc_narr,harmonic_honeycomb,251,near_cluster,v3-pilot-harmonic_honeycomb-near-002,0.02222612699518745,0.001255422830581665,0.0016375482082366943,0.0028929710388183594,0.04900329187512398,5.488565690825453e-08,7.918306721421686e-08,0.004703368706267308,0.385127988601588,21,not_applicable,nan,51.73508380539715
sc_hybrid25,harmonic_honeycomb,251,near_cluster,v3-pilot-harmonic_honeycomb-near-002,0.00999811521443114,0.00047916173934936523,0.00025209784507751465,0.0007312595844268799,0.027497626841068268,1.1515292719366244e-07,9.601003370107719e-08,0.004703368706267308,0.385127988601588,25,not_applicable,nan,59.68712503090501
sr_routed25,harmonic_honeycomb,251,near_cluster,v3-pilot-harmonic_honeycomb-near-002,0.010092029970887458,0.00036218762397766113,0.0003884732723236084,0.0007506608963012695,0.027585215866565704,1.4480501397962087e-07,4.9539096380613046e-08,0.004703368706267308,0.385127988601588,25,fourier,3.137032259935453e-14,34.419375006109476
fourier_shell2,harmonic_honeycomb,251,near_cluster,v3-pilot-harmonic_honeycomb-near-002,0.04308975260695763,0.004689604043960571,0.003978163003921509,0.00866776704788208,0.07877226918935776,4.070977466241743e-08,4.350174620526559e-08,0.004703368706267308,0.385127988601588,19,not_applicable,nan,16.985582886263728
kinetic_fourier21,harmonic_honeycomb,251,near_cluster,v3-pilot-harmonic_honeycomb-near-002,0.015417317695356375,0.0007880628108978271,0.0007962286472320557,0.0015842914581298828,0.03762061893939972,8.14318725783636e-08,3.398903203333248e-08,0.004703368706267308,0.385127988601588,21,not_applicable,nan,20.134250167757273
kinetic_fourier25,harmonic_honeycomb,251,near_cluster,v3-pilot-harmonic_honeycomb-near-002,0.010092029970887458,0.00036218762397766113,0.0003884732723236084,0.0007506608963012695,0.027585215866565704,1.4480501397962087e-07,4.9539096380613046e-08,0.004703368706267308,0.385127988601588,25,not_applicable,nan,29.053916921839118
fourier_shell3,harmonic_honeycomb,251,near_cluster,v3-pilot-harmonic_honeycomb-near-002,0.0037522364940276776,8.144974708557129e-05,5.7578086853027344e-05,0.00013902783393859863,0.013471565209329128,1.040004604657696e-08,5.457490104276985e-08,0.004703368706267308,0.385127988601588,37,not_applicable,nan,59.989542001858354
kinetic_fourier21,harmonic_honeycomb,251,strict_ood,v3-pilot-harmonic_honeycomb-ood-000,0.008750330461881738,0.0002804398536682129,0.00020856410264968872,0.0004890039563179016,0.020154230296611786,4.050614099693206e-08,1.2241856417460895e-08,0.07833470759130604,0.28595042558455924,21,not_applicable,nan,20.536416908726096
kinetic_fourier25,harmonic_honeycomb,251,strict_ood,v3-pilot-harmonic_honeycomb-ood-000,0.005110322676224169,6.885826587677002e-05,0.00011899322271347046,0.00018785148859024048,0.013349899090826511,7.064889473440417e-08,7.267533419508254e-08,0.07833470759130604,0.28595042558455924,25,not_applicable,nan,28.249291935935616
fourier_shell3,harmonic_honeycomb,251,strict_ood,v3-pilot-harmonic_honeycomb-ood-000,0.0017842115001245357,1.6570091247558594e-05,1.2964010238647461e-05,2.9534101486206055e-05,0.005988234654068947,6.889727122150191e-08,4.548383003566414e-08,0.07833470759130604,0.28595042558455924,37,not_applicable,nan,59.347583912312984
wang_xie_adapted,harmonic_honeycomb,251,strict_ood,v3-pilot-harmonic_honeycomb-ood-000,0.08292934106408598,0.004372388124465942,0.0033315718173980713,0.007703959941864014,0.04473666846752167,2.6899276917013992e-08,9.933153677366136e-08,0.07833470759130604,0.28595042558455924,2,not_applicable,nan,0.807916047051549
dai_adapted,harmonic_honeycomb,251,strict_ood,v3-pilot-harmonic_honeycomb-ood-000,0.3018977856418616,0.06004646420478821,0.07989811897277832,0.13994458317756653,0.26568683981895447,6.06326200358609e-08,0.0007895086309872568,0.07833470759130604,0.28595042558455924,6,not_applicable,nan,108.72574988752604
long_anchor,harmonic_honeycomb,251,strict_ood,v3-pilot-harmonic_honeycomb-ood-000,0.07849490234382692,0.005080550909042358,0.0041075199842453,0.009188070893287659,0.05601200833916664,8.47300868356271e-08,3.958964001071763e-08,0.07833470759130604,0.28595042558455924,2,not_applicable,nan,0.889291986823082
sc_narr_shell1,harmonic_honeycomb,251,strict_ood,v3-pilot-harmonic_honeycomb-ood-000,0.04156494938515143,0.002568081021308899,0.0025859102606773376,0.005153991281986237,0.05124374479055405,1.7469342172837798e-07,9.349474083819587e-08,0.07833470759130604,0.28595042558455924,9,not_applicable,nan,36.1630420666188
sc_narr,harmonic_honeycomb,251,strict_ood,v3-pilot-harmonic_honeycomb-ood-000,0.013434167759004538,0.0005384832620620728,0.00047107040882110596,0.0010095536708831787,0.028054913505911827,8.784352134583173e-08,8.453422140064504e-08,0.07833470759130604,0.28595042558455924,21,not_applicable,nan,51.86729202978313
sc_hybrid25,harmonic_honeycomb,251,strict_ood,v3-pilot-harmonic_honeycomb-ood-000,0.005689932116291906,0.0001264810562133789,9.626150131225586e-05,0.00022274255752563477,0.014498056843876839,1.4613054499790223e-07,6.175370259597912e-08,0.07833470759130604,0.28595042558455924,25,not_applicable,nan,60.155624989420176
sr_routed25,harmonic_honeycomb,251,strict_ood,v3-pilot-harmonic_honeycomb-ood-000,0.005110322676224169,6.885826587677002e-05,0.00011899322271347046,0.00018785148859024048,0.013349899090826511,7.064889473440417e-08,7.267533419508254e-08,0.07833470759130604,0.28595042558455924,25,fourier,2.9934381525192205e-14,34.99283315613866
fourier_shell2,harmonic_honeycomb,251,strict_ood,v3-pilot-harmonic_honeycomb-ood-000,0.027372829780995093,0.0018513798713684082,0.0014454275369644165,0.0032968074083328247,0.046108681708574295,8.370288695491723e-08,6.56259544484783e-08,0.07833470759130604,0.28595042558455924,19,not_applicable,nan,16.947582829743624
kinetic_fourier25,harmonic_honeycomb,251,strict_ood,v3-pilot-harmonic_honeycomb-ood-001,0.012876065792524026,0.0007919669151306152,0.0005047470331192017,0.001296713948249817,0.0372028574347496,2.1912998082740387e-08,3.884152022237686e-08,0.3259860939274327,0.23167535699420125,25,not_applicable,nan,28.470249846577644
fourier_shell3,harmonic_honeycomb,251,strict_ood,v3-pilot-harmonic_honeycomb-ood-001,0.004605260237638905,0.0001296401023864746,8.493661880493164e-05,0.00021457672119140625,0.017006568610668182,9.998092864726971e-08,4.404735420848738e-08,0.3259860939274327,0.23167535699420125,37,not_applicable,nan,59.999292017892
wang_xie_adapted,harmonic_honeycomb,251,strict_ood,v3-pilot-harmonic_honeycomb-ood-001,0.15901475802547924,0.01899898052215576,0.017989948391914368,0.03698892891407013,0.10144587606191635,8.343497359675212e-08,1.189523572975304e-07,0.3259860939274327,0.23167535699420125,2,not_applicable,nan,0.8384999819099903
dai_adapted,harmonic_honeycomb,251,strict_ood,v3-pilot-harmonic_honeycomb-ood-001,0.33702174804295615,0.17591655254364014,0.08256842195987701,0.25848495960235596,0.33073535561561584,5.85175876643973e-08,0.0002581822918727994,0.3259860939274327,0.23167535699420125,6,not_applicable,nan,109.15920906700194
long_anchor,harmonic_honeycomb,251,strict_ood,v3-pilot-harmonic_honeycomb-ood-001,0.19568366804557769,0.030400872230529785,0.024305909872055054,0.05470678210258484,0.12207354605197906,1.1257323191255333e-08,5.658637292071944e-08,0.3259860939274327,0.23167535699420125,2,not_applicable,nan,0.9389580227434635
sc_narr_shell1,harmonic_honeycomb,251,strict_ood,v3-pilot-harmonic_honeycomb-ood-001,0.11504109514895662,0.017189979553222656,0.013377368450164795,0.03056734800338745,0.11491529643535614,1.339900237429248e-07,9.728963590305284e-08,0.3259860939274327,0.23167535699420125,9,not_applicable,nan,36.225083051249385
sc_narr,harmonic_honeycomb,251,strict_ood,v3-pilot-harmonic_honeycomb-ood-001,0.03167099693145629,0.00280839204788208,0.0025471746921539307,0.005355566740036011,0.06534432619810104,1.11730764418283e-07,6.039334721208434e-08,0.3259860939274327,0.23167535699420125,21,not_applicable,nan,52.00716690160334
sc_hybrid25,harmonic_honeycomb,251,strict_ood,v3-pilot-harmonic_honeycomb-ood-001,0.0164308975369373,0.0012395977973937988,0.0006067901849746704,0.0018463879823684692,0.04228531941771507,1.7212659519927342e-08,1.1780963404817157e-07,0.3259860939274327,0.23167535699420125,25,not_applicable,nan,60.565791791304946
sr_routed25,harmonic_honeycomb,251,strict_ood,v3-pilot-harmonic_honeycomb-ood-001,0.012876065792524026,0.0007919669151306152,0.0005047470331192017,0.001296713948249817,0.0372028574347496,2.1912998082740387e-08,3.884152022237686e-08,0.3259860939274327,0.23167535699420125,25,fourier,2.94181488251586e-14,35.030333092436194
fourier_shell2,harmonic_honeycomb,251,strict_ood,v3-pilot-harmonic_honeycomb-ood-001,0.04941775679050024,0.007034361362457275,0.004629999399185181,0.011664360761642456,0.09278909862041473,4.94912637538647e-08,4.334598457944594e-08,0.3259860939274327,0.23167535699420125,19,not_applicable,nan,16.91929204389453
kinetic_fourier21,harmonic_honeycomb,251,strict_ood,v3-pilot-harmonic_honeycomb-ood-001,0.02261370165704662,0.0023438334465026855,0.0009833574295043945,0.00332719087600708,0.05443054065108299,3.489836508663302e-08,3.063143694248538e-08,0.3259860939274327,0.23167535699420125,21,not_applicable,nan,20.554749993607402
fourier_shell3,harmonic_honeycomb,251,strict_ood,v3-pilot-harmonic_honeycomb-ood-002,0.010153981213786493,0.0005983710289001465,0.00042259693145751953,0.001020967960357666,0.037539612501859665,9.112918264442271e-08,1.2309851626923773e-07,0.39003794487386123,0.2640531698291569,37,not_applicable,nan,60.109749902039766
wang_xie_adapted,harmonic_honeycomb,251,strict_ood,v3-pilot-harmonic_honeycomb-ood-002,0.14703983247590804,0.02917236089706421,0.025185316801071167,0.054357677698135376,0.17530545592308044,2.9724849026635525e-08,8.667041839771628e-08,0.39003794487386123,0.2640531698291569,2,not_applicable,nan,0.7630409672856331
dai_adapted,harmonic_honeycomb,251,strict_ood,v3-pilot-harmonic_honeycomb-ood-002,0.40366563262710903,0.30593574047088623,0.16901075839996338,0.4749464988708496,0.529666543006897,7.105971033816161e-09,0.0003558981989044696,0.39003794487386123,0.2640531698291569,6,not_applicable,nan,108.83058398030698
long_anchor,harmonic_honeycomb,251,strict_ood,v3-pilot-harmonic_honeycomb-ood-002,0.19031521196645426,0.05932128429412842,0.03669425845146179,0.09601554274559021,0.23129674792289734,1.3906060047919055e-07,9.721092197878534e-08,0.39003794487386123,0.2640531698291569,2,not_applicable,nan,0.9670001454651356
sc_narr_shell1,harmonic_honeycomb,251,strict_ood,v3-pilot-harmonic_honeycomb-ood-002,0.13520670334939705,0.028852880001068115,0.019926726818084717,0.04877960681915283,0.15860310196876526,5.3245552189551404e-08,4.0688053815074454e-08,0.39003794487386123,0.2640531698291569,9,not_applicable,nan,36.081625148653984
sc_narr,harmonic_honeycomb,251,strict_ood,v3-pilot-harmonic_honeycomb-ood-002,0.05060776201822872,0.007039129734039307,0.006533980369567871,0.013573110103607178,0.10820447653532028,9.58720247634659e-08,6.214735037701757e-08,0.39003794487386123,0.2640531698291569,21,not_applicable,nan,52.92033310979605
sc_hybrid25,harmonic_honeycomb,251,strict_ood,v3-pilot-harmonic_honeycomb-ood-002,0.026792653625353966,0.003870666027069092,0.0012799501419067383,0.00515061616897583,0.07472839206457138,4.035024869786241e-08,8.12352709544939e-08,0.39003794487386123,0.2640531698291569,25,not_applicable,nan,60.3126659989357
sr_routed25,harmonic_honeycomb,251,strict_ood,v3-pilot-harmonic_honeycomb-ood-002,0.022088101846791556,0.0026072263717651367,0.001339048147201538,0.003946274518966675,0.06752587109804153,9.330974282129034e-08,3.5456004354728066e-08,0.39003794487386123,0.2640531698291569,25,fourier,3.0411820116241564e-14,34.26445904187858
fourier_shell2,harmonic_honeycomb,251,strict_ood,v3-pilot-harmonic_honeycomb-ood-002,0.08236099727279825,0.01838052272796631,0.01271626353263855,0.03109678626060486,0.15476003289222717,1.3436570900360323e-07,3.5377755835952485e-08,0.39003794487386123,0.2640531698291569,19,not_applicable,nan,16.66862517595291
kinetic_fourier21,harmonic_honeycomb,251,strict_ood,v3-pilot-harmonic_honeycomb-ood-002,0.03466576767889668,0.006274282932281494,0.001982450485229492,0.008256733417510986,0.08980519324541092,7.795835377244487e-08,7.019974646027549e-08,0.39003794487386123,0.2640531698291569,21,not_applicable,nan,20.584790967404842
kinetic_fourier25,harmonic_honeycomb,251,strict_ood,v3-pilot-harmonic_honeycomb-ood-002,0.022088101846791556,0.0026072263717651367,0.001339048147201538,0.003946274518966675,0.06752587109804153,9.330974282129034e-08,3.5456004354728066e-08,0.39003794487386123,0.2640531698291569,25,not_applicable,nan,28.446916956454515
kinetic_fourier25,harmonic_honeycomb,251,gap_scan,v3-pilot-harmonic_honeycomb-gap-000,0.00859179505220762,0.0002442002296447754,0.00029790401458740234,0.0005421042442321777,0.023274805396795273,1.489798286957722e-07,7.362500298313535e-08,0.011650622118118459,0.36673543198137387,25,not_applicable,nan,28.401416959241033
fourier_shell3,harmonic_honeycomb,251,gap_scan,v3-pilot-harmonic_honeycomb-gap-000,0.003385511355017206,4.2438507080078125e-05,6.765127182006836e-05,0.00011008977890014648,0.011797810904681683,4.36002074444275e-08,9.029026415419139e-08,0.011650622118118459,0.36673543198137387,37,not_applicable,nan,60.27258397080004
wang_xie_adapted,harmonic_honeycomb,251,gap_scan,v3-pilot-harmonic_honeycomb-gap-000,0.04433135215992691,0.0026057064533233643,0.0016876757144927979,0.004293382167816162,0.04834345728158951,1.1169504032793043e-07,8.65715890085994e-08,0.011650622118118459,0.36673543198137387,2,not_applicable,nan,0.7751248776912689
dai_adapted,harmonic_honeycomb,251,gap_scan,v3-pilot-harmonic_honeycomb-gap-000,0.3180031437159986,0.061640262603759766,0.12965309619903564,0.1912933588027954,0.2935639023780823,3.117867897195481e-08,0.00048392845201306045,0.011650622118118459,0.36673543198137387,6,not_applicable,nan,110.6875000987202
long_anchor,harmonic_honeycomb,251,gap_scan,v3-pilot-harmonic_honeycomb-gap-000,0.05567617074717115,0.00530591607093811,0.003406912088394165,0.008712828159332275,0.06776102632284164,1.6003712111078983e-07,5.2977995323999494e-08,0.011650622118118459,0.36673543198137387,2,not_applicable,nan,1.0682079009711742
sc_narr_shell1,harmonic_honeycomb,251,gap_scan,v3-pilot-harmonic_honeycomb-gap-000,0.040120683959950894,0.004452824592590332,0.0020432621240615845,0.0064960867166519165,0.06389022618532181,2.7887582021435264e-08,7.674783120137363e-08,0.011650622118118459,0.36673543198137387,9,not_applicable,nan,36.63291689008474
sc_narr,harmonic_honeycomb,251,gap_scan,v3-pilot-harmonic_honeycomb-gap-000,0.020162919518269373,0.0014518797397613525,0.0008938908576965332,0.0023457705974578857,0.04374011978507042,6.663447016386215e-08,8.42896383801417e-08,0.011650622118118459,0.36673543198137387,21,not_applicable,nan,52.347208838909864
sc_hybrid25,harmonic_honeycomb,251,gap_scan,v3-pilot-harmonic_honeycomb-gap-000,0.008776463859385235,0.00018975138664245605,0.00036457180976867676,0.0005543231964111328,0.023682700470089912,2.198850101997607e-08,6.908283722850683e-08,0.011650622118118459,0.36673543198137387,25,not_applicable,nan,60.189499985426664
sr_routed25,harmonic_honeycomb,251,gap_scan,v3-pilot-harmonic_honeycomb-gap-000,0.00859179505220762,0.0002442002296447754,0.00029790401458740234,0.0005421042442321777,0.023274805396795273,1.489798286957722e-07,7.362500298313535e-08,0.011650622118118459,0.36673543198137387,25,fourier,3.2023971148487096e-14,35.04920797422528
fourier_shell2,harmonic_honeycomb,251,gap_scan,v3-pilot-harmonic_honeycomb-gap-000,0.04105789497780862,0.00328749418258667,0.004251882433891296,0.007539376616477966,0.0718533992767334,5.0315190791572206e-08,8.742462398458883e-08,0.011650622118118459,0.36673543198137387,19,not_applicable,nan,16.88879099674523
kinetic_fourier21,harmonic_honeycomb,251,gap_scan,v3-pilot-harmonic_honeycomb-gap-000,0.01349520539953937,0.0005972087383270264,0.0006063282489776611,0.0012035369873046875,0.03250303491950035,4.463424274625538e-08,3.736717602009776e-08,0.011650622118118459,0.36673543198137387,21,not_applicable,nan,20.436458056792617
fourier_shell3,harmonic_honeycomb,251,gap_scan,v3-pilot-harmonic_honeycomb-gap-001,0.0006741416804811074,1.2079253792762756e-06,2.7529895305633545e-06,3.96091490983963e-06,0.0021129734814167023,8.91928932933439e-08,3.319920267585985e-07,0.044799118066602465,0.2316637143229516,37,not_applicable,nan,59.54058398492634
wang_xie_adapted,harmonic_honeycomb,251,gap_scan,v3-pilot-harmonic_honeycomb-gap-001,0.13843030208519944,0.00819169357419014,0.008239299058914185,0.016430992633104324,0.05720414221286774,1.8063267592793864e-07,2.406121666354011e-07,0.044799118066602465,0.2316637143229516,2,not_applicable,nan,0.7824997883290052
dai_adapted,harmonic_honeycomb,251,gap_scan,v3-pilot-harmonic_honeycomb-gap-001,0.3132160260749838,0.019634149968624115,0.09214229136705399,0.1117764413356781,0.299484521150589,3.073105081519145e-08,0.0009204948437400162,0.044799118066602465,0.2316637143229516,6,not_applicable,nan,117.72449989803135
long_anchor,harmonic_honeycomb,251,gap_scan,v3-pilot-harmonic_honeycomb-gap-001,0.14321099508955554,0.01249316893517971,0.009823877364397049,0.02231704629957676,0.07419691979885101,5.01751298287445e-08,3.0199223033378075e-07,0.044799118066602465,0.2316637143229516,2,not_applicable,nan,0.9545409120619297
sc_narr_shell1,harmonic_honeycomb,251,gap_scan,v3-pilot-harmonic_honeycomb-gap-001,0.04092862415634474,0.0018786806613206863,0.0023445188999176025,0.004223199561238289,0.045321740210056305,5.0310717814028294e-08,3.5566364431360853e-07,0.044799118066602465,0.2316637143229516,9,not_applicable,nan,36.05945804156363
sc_narr,harmonic_honeycomb,251,gap_scan,v3-pilot-harmonic_honeycomb-gap-001,0.006485269355775071,0.00015031453222036362,8.335337042808533e-05,0.00023366790264844894,0.013381517492234707,6.365958626908252e-08,1.9531999839728087e-07,0.044799118066602465,0.2316637143229516,21,not_applicable,nan,51.95612506940961
sc_hybrid25,harmonic_honeycomb,251,gap_scan,v3-pilot-harmonic_honeycomb-gap-001,0.0025325815044187896,2.208072692155838e-05,1.9848346710205078e-05,4.192907363176346e-05,0.006088892929255962,4.548737375653644e-08,1.2524036208105827e-07,0.044799118066602465,0.2316637143229516,25,not_applicable,nan,59.24824997782707
sr_routed25,harmonic_honeycomb,251,gap_scan,v3-pilot-harmonic_honeycomb-gap-001,0.002033670666616745,6.3907355070114136e-06,2.2251158952713013e-05,2.8641894459724426e-05,0.005035570822656155,5.3923611798012416e-08,2.5946960136025154e-07,0.044799118066602465,0.2316637143229516,25,fourier,3.166252863736653e-14,34.899374935775995
fourier_shell2,harmonic_honeycomb,251,gap_scan,v3-pilot-harmonic_honeycomb-gap-001,0.015277551696151227,0.0003466606140136719,0.0006102323532104492,0.0009568929672241211,0.023447349667549133,2.411259059087456e-08,2.453576257721579e-07,0.044799118066602465,0.2316637143229516,19,not_applicable,nan,16.71608304604888
kinetic_fourier21,harmonic_honeycomb,251,gap_scan,v3-pilot-harmonic_honeycomb-gap-001,0.0039565622303804,5.239993333816528e-05,4.443153738975525e-05,9.683147072792053e-05,0.008739573881030083,6.317920819842726e-08,1.6196456442685303e-07,0.044799118066602465,0.2316637143229516,21,not_applicable,nan,20.388167118653655
kinetic_fourier25,harmonic_honeycomb,251,gap_scan,v3-pilot-harmonic_honeycomb-gap-001,0.002033670666616745,6.3907355070114136e-06,2.2251158952713013e-05,2.8641894459724426e-05,0.005035570822656155,5.3923611798012416e-08,2.5946960136025154e-07,0.044799118066602465,0.2316637143229516,25,not_applicable,nan,28.35641708225012
sr_routed25,gaussian_honeycomb,42,iid_hidden,v3-pilot-gaussian_honeycomb-iid-000,0.012834959143337989,0.0009137541055679321,0.0007872283458709717,0.0017009824514389038,0.06220581382513046,5.8556407500631735e-08,4.890466698270757e-08,0.01104190155921822,0.03231251183714623,25,hybrid,0.9101096391677856,70.62741694971919
fourier_shell2,gaussian_honeycomb,42,iid_hidden,v3-pilot-gaussian_honeycomb-iid-000,0.02855159619659297,0.002096012234687805,0.0019425153732299805,0.004038527607917786,0.07580600678920746,7.102940202674546e-08,8.206357904327888e-08,0.01104190155921822,0.03231251183714623,19,not_applicable,nan,17.689749831333756
kinetic_fourier21,gaussian_honeycomb,42,iid_hidden,v3-pilot-gaussian_honeycomb-iid-000,0.023674118599144766,0.0018449574708938599,0.00164872407913208,0.00349368155002594,0.07486701011657715,1.0907023573203389e-07,2.7775778121963413e-08,0.01104190155921822,0.03231251183714623,21,not_applicable,nan,21.347624948248267
kinetic_fourier25,gaussian_honeycomb,42,iid_hidden,v3-pilot-gaussian_honeycomb-iid-000,0.020123876041287563,0.0016400963068008423,0.0013550817966461182,0.0029951781034469604,0.07310222834348679,9.658338107065845e-08,5.5655647202002e-08,0.01104190155921822,0.03231251183714623,25,not_applicable,nan,29.49300012551248
fourier_shell3,gaussian_honeycomb,42,iid_hidden,v3-pilot-gaussian_honeycomb-iid-000,0.0145597628024878,0.0010751783847808838,0.0009675025939941406,0.0020426809787750244,0.06722908467054367,1.0143208184487662e-07,8.45905034907446e-08,0.01104190155921822,0.03231251183714623,37,not_applicable,nan,61.6455408744514
wang_xie_adapted,gaussian_honeycomb,42,iid_hidden,v3-pilot-gaussian_honeycomb-iid-000,0.2326385035398699,0.005168646574020386,0.00821414589881897,0.013382792472839355,0.09447076171636581,1.331725580921983e-07,7.838997362341615e-08,0.01104190155921822,0.03231251183714623,2,not_applicable,nan,0.8267092052847147
dai_adapted,gaussian_honeycomb,42,iid_hidden,v3-pilot-gaussian_honeycomb-iid-000,0.7075159226904895,0.01290963590145111,0.06571231782436371,0.07862195372581482,0.12962384521961212,1.8223659492555555e-07,3.9701017158222385e-06,0.01104190155921822,0.03231251183714623,6,not_applicable,nan,109.82262482866645
long_anchor,gaussian_honeycomb,42,iid_hidden,v3-pilot-gaussian_honeycomb-iid-000,0.21133482422579075,0.007561519742012024,0.009440213441848755,0.01700173318386078,0.09683026373386383,6.473645264293282e-08,8.380950333730652e-08,0.01104190155921822,0.03231251183714623,2,not_applicable,nan,0.9290829766541719
sc_narr_shell1,gaussian_honeycomb,42,iid_hidden,v3-pilot-gaussian_honeycomb-iid-000,0.017141584856412713,0.0010813027620315552,0.0009815096855163574,0.0020628124475479126,0.06347362697124481,6.82295223652929e-08,6.076525238540853e-08,0.01104190155921822,0.03231251183714623,9,not_applicable,nan,37.71416703239083
sc_narr,gaussian_honeycomb,42,iid_hidden,v3-pilot-gaussian_honeycomb-iid-000,0.013735836373891924,0.0009422749280929565,0.0008471012115478516,0.001789376139640808,0.06262584775686264,7.821516456729682e-08,6.23205451688591e-08,0.01104190155921822,0.03231251183714623,21,not_applicable,nan,72.29912490583956
sc_hybrid25,gaussian_honeycomb,42,iid_hidden,v3-pilot-gaussian_honeycomb-iid-000,0.012834959143337989,0.0009137541055679321,0.0007872283458709717,0.0017009824514389038,0.06220581382513046,5.8556407500631735e-08,4.890466698270757e-08,0.01104190155921822,0.03231251183714623,25,not_applicable,nan,61.617083149030805
fourier_shell2,gaussian_honeycomb,42,iid_hidden,v3-pilot-gaussian_honeycomb-iid-001,0.187019193279091,0.07953247427940369,0.08975867927074432,0.169291153550148,0.40277618169784546,9.491127750393957e-08,3.6947864145986387e-07,0.013562781966745763,0.30289332355814963,19,not_applicable,nan,17.797708977013826
kinetic_fourier21,gaussian_honeycomb,42,iid_hidden,v3-pilot-gaussian_honeycomb-iid-001,0.1606597766075692,0.07358051836490631,0.07395119220018387,0.14753171801567078,0.4055880010128021,1.4009056548136556e-07,3.190245649875578e-07,0.013562781966745763,0.30289332355814963,21,not_applicable,nan,21.550250006839633
kinetic_fourier25,gaussian_honeycomb,42,iid_hidden,v3-pilot-gaussian_honeycomb-iid-001,0.13632315563156244,0.06468383967876434,0.06078450381755829,0.12546834349632263,0.4028662145137787,1.3193495274066436e-07,3.538519024459674e-07,0.013562781966745763,0.30289332355814963,25,not_applicable,nan,29.475125018507242
fourier_shell3,gaussian_honeycomb,42,iid_hidden,v3-pilot-gaussian_honeycomb-iid-001,0.09476977897249159,0.041368961334228516,0.041963689029216766,0.08333265036344528,0.377898633480072,9.151872326640387e-08,2.988293772432371e-07,0.013562781966745763,0.30289332355814963,37,not_applicable,nan,61.181124998256564
wang_xie_adapted,gaussian_honeycomb,42,iid_hidden,v3-pilot-gaussian_honeycomb-iid-001,0.19992485376860658,0.05483856797218323,0.05391142517328262,0.10874999314546585,0.3236886262893677,7.961925141408699e-08,3.560931531865208e-07,0.013562781966745763,0.30289332355814963,2,not_applicable,nan,0.8074580691754818
dai_adapted,gaussian_honeycomb,42,iid_hidden,v3-pilot-gaussian_honeycomb-iid-001,0.585862433370605,0.18196721374988556,0.24454817175865173,0.4265154004096985,0.3226519525051117,3.381729341001005e-08,0.00021298800129443407,0.013562781966745763,0.30289332355814963,6,not_applicable,nan,114.93354220874608
long_anchor,gaussian_honeycomb,42,iid_hidden,v3-pilot-gaussian_honeycomb-iid-001,0.22697142729163866,0.06454851478338242,0.06169593334197998,0.126244455575943,0.3200516700744629,6.742635194623148e-08,1.169869889849906e-07,0.013562781966745763,0.30289332355814963,2,not_applicable,nan,0.9092080872505903
sc_narr_shell1,gaussian_honeycomb,42,iid_hidden,v3-pilot-gaussian_honeycomb-iid-001,0.10239937028650316,0.04355204105377197,0.037362195551395416,0.08091423660516739,0.3545055687427521,1.3129616172058434e-08,3.362791858307901e-07,0.013562781966745763,0.30289332355814963,9,not_applicable,nan,37.81729191541672
sc_narr,gaussian_honeycomb,42,iid_hidden,v3-pilot-gaussian_honeycomb-iid-001,0.09459979420536194,0.040769897401332855,0.0356486514210701,0.07641854882240295,0.3536350727081299,1.0342371459248767e-07,2.3359268652711762e-07,0.013562781966745763,0.30289332355814963,21,not_applicable,nan,53.45899984240532
sc_hybrid25,gaussian_honeycomb,42,iid_hidden,v3-pilot-gaussian_honeycomb-iid-001,0.09006402084951004,0.039472006261348724,0.033442117273807526,0.07291412353515625,0.352873831987381,1.7653884909485384e-07,5.163220180293138e-07,0.013562781966745763,0.30289332355814963,25,not_applicable,nan,61.85283279046416
sr_routed25,gaussian_honeycomb,42,iid_hidden,v3-pilot-gaussian_honeycomb-iid-001,0.09006402084951004,0.039472006261348724,0.033442117273807526,0.07291412353515625,0.352873831987381,1.7653884909485384e-07,5.163220180293138e-07,0.013562781966745763,0.30289332355814963,25,hybrid,0.8580533862113953,69.41225007176399
kinetic_fourier25,gaussian_honeycomb,42,exact_cluster,v3-pilot-gaussian_honeycomb-exact-000,0.05733291362618204,0.014384634792804718,0.014384716749191284,0.028769351541996002,0.22032590210437775,1.7917219685692487e-07,1.6641637046177493e-07,3.010577898088229e-13,0.1115971440676102,27,not_applicable,nan,33.45112502574921
fourier_shell3,gaussian_honeycomb,42,exact_cluster,v3-pilot-gaussian_honeycomb-exact-000,0.045433531752161686,0.010713212192058563,0.011148825287818909,0.021862037479877472,0.20959684252738953,1.518295513758261e-07,3.2669882443769893e-07,3.010577898088229e-13,0.1115971440676102,37,not_applicable,nan,60.94354181550443
wang_xie_adapted,gaussian_honeycomb,42,exact_cluster,v3-pilot-gaussian_honeycomb-exact-000,0.0581526034264496,0.008855156600475311,0.012088596820831299,0.02094375342130661,0.19993555545806885,6.355837756100158e-08,3.4134185966649966e-07,3.010577898088229e-13,0.1115971440676102,2,not_applicable,nan,0.7843330968171358
dai_adapted,gaussian_honeycomb,42,exact_cluster,v3-pilot-gaussian_honeycomb-exact-000,0.47903899505441255,0.059081874787807465,0.12989726662635803,0.1889791488647461,0.2549019753932953,7.947863067681027e-08,4.742714008898474e-05,3.010577898088229e-13,0.1115971440676102,6,not_applicable,nan,109.80341606773436
long_anchor,gaussian_honeycomb,42,exact_cluster,v3-pilot-gaussian_honeycomb-exact-000,0.09788586359699744,0.011671148240566254,0.013937920331954956,0.02560906857252121,0.20180194079875946,7.37843444120756e-08,1.729319052401479e-07,3.010577898088229e-13,0.1115971440676102,2,not_applicable,nan,0.9191660210490227
sc_narr_shell1,gaussian_honeycomb,42,exact_cluster,v3-pilot-gaussian_honeycomb-exact-000,0.049037147304491394,0.009066205471754074,0.011388890445232391,0.020455095916986465,0.19743648171424866,1.1287549872562863e-07,7.918913524918025e-08,3.010577898088229e-13,0.1115971440676102,9,not_applicable,nan,37.53433399833739
sc_narr,gaussian_honeycomb,42,exact_cluster,v3-pilot-gaussian_honeycomb-exact-000,0.04390886133104203,0.00882156565785408,0.010472521185874939,0.01929408684372902,0.1968388557434082,3.629713085651076e-08,1.2265120119536732e-07,3.010577898088229e-13,0.1115971440676102,21,not_applicable,nan,53.83183294907212
sc_hybrid25,gaussian_honeycomb,42,exact_cluster,v3-pilot-gaussian_honeycomb-exact-000,0.041828370295315484,0.008213423192501068,0.010299034416675568,0.018512457609176636,0.19631925225257874,1.0557496255003684e-07,2.3778214597314218e-07,3.010577898088229e-13,0.1115971440676102,25,not_applicable,nan,61.40633299946785
sr_routed25,gaussian_honeycomb,42,exact_cluster,v3-pilot-gaussian_honeycomb-exact-000,0.041828370295315484,0.008213423192501068,0.010299034416675568,0.018512457609176636,0.19631925225257874,1.0557496255003684e-07,2.3778214597314218e-07,3.010577898088229e-13,0.1115971440676102,25,hybrid,0.9034584164619446,68.86862497776747
fourier_shell2,gaussian_honeycomb,42,exact_cluster,v3-pilot-gaussian_honeycomb-exact-000,0.08514451914867255,0.019155696034431458,0.021846704185009003,0.04100240021944046,0.2233586460351944,2.676821819758146e-08,1.2952183681136376e-07,3.010577898088229e-13,0.1115971440676102,19,not_applicable,nan,17.968042055144906
kinetic_fourier21,gaussian_honeycomb,42,exact_cluster,v3-pilot-gaussian_honeycomb-exact-000,0.07257549586393769,0.01798170804977417,0.017981812357902527,0.0359635204076767,0.22381019592285156,4.090638938691882e-08,1.1450856618466787e-07,3.010577898088229e-13,0.1115971440676102,21,not_applicable,nan,21.486750105395913
fourier_shell3,gaussian_honeycomb,42,exact_cluster,v3-pilot-gaussian_honeycomb-exact-001,0.051689866186274594,0.013874553143978119,0.01420273631811142,0.02807728946208954,0.27104800939559937,6.084215498081136e-08,2.255418820595878e-07,1.1581860470677441e-10,0.09008790386868666,37,not_applicable,nan,61.38820806518197
wang_xie_adapted,gaussian_honeycomb,42,exact_cluster,v3-pilot-gaussian_honeycomb-exact-001,0.1849245153068227,0.03898989409208298,0.047102734446525574,0.08609262853860855,0.36647042632102966,1.5860027025027534e-07,3.235563497128169e-07,1.1581860470677441e-10,0.09008790386868666,2,not_applicable,nan,0.7930411957204342
dai_adapted,gaussian_honeycomb,42,exact_cluster,v3-pilot-gaussian_honeycomb-exact-001,0.45253112420272057,0.04548950493335724,0.07217646390199661,0.11766596883535385,0.23626789450645447,7.164835336137543e-08,0.00011292088311165571,1.1581860470677441e-10,0.09008790386868666,6,not_applicable,nan,109.45016611367464
long_anchor,gaussian_honeycomb,42,exact_cluster,v3-pilot-gaussian_honeycomb-exact-001,0.16584982577317425,0.031494997441768646,0.05007680505514145,0.0815718024969101,0.35361552238464355,6.4510996392595e-08,2.25345473836569e-07,1.1581860470677441e-10,0.09008790386868666,2,not_applicable,nan,0.9330420289188623
sc_narr_shell1,gaussian_honeycomb,42,exact_cluster,v3-pilot-gaussian_honeycomb-exact-001,0.05463279754445944,0.01281408965587616,0.014222674071788788,0.027036763727664948,0.26446211338043213,1.4299870110257018e-07,1.0297802077730012e-07,1.1581860470677441e-10,0.09008790386868666,9,not_applicable,nan,37.297625094652176
sc_narr,gaussian_honeycomb,42,exact_cluster,v3-pilot-gaussian_honeycomb-exact-001,0.05031790934412344,0.012462981045246124,0.013616405427455902,0.026079386472702026,0.2646668255329132,5.582329642983552e-08,1.1683318490440797e-07,1.1581860470677441e-10,0.09008790386868666,21,not_applicable,nan,53.33679192699492
sc_hybrid25,gaussian_honeycomb,42,exact_cluster,v3-pilot-gaussian_honeycomb-exact-001,0.04874113716345359,0.011963792145252228,0.013468243181705475,0.025432035326957703,0.26487961411476135,1.1882767680937434e-07,1.2753012867960933e-07,1.1581860470677441e-10,0.09008790386868666,25,not_applicable,nan,60.87308400310576
sr_routed25,gaussian_honeycomb,42,exact_cluster,v3-pilot-gaussian_honeycomb-exact-001,0.04874113716345359,0.011963792145252228,0.013468243181705475,0.025432035326957703,0.26487961411476135,1.1882767680937434e-07,1.2753012867960933e-07,1.1581860470677441e-10,0.09008790386868666,25,hybrid,0.9535636305809021,69.61079104803503
fourier_shell2,gaussian_honeycomb,42,exact_cluster,v3-pilot-gaussian_honeycomb-exact-001,0.08363220388018856,0.020235657691955566,0.02189905196428299,0.042134709656238556,0.26695412397384644,1.7815263819720428e-07,1.173291650502506e-07,1.1581860470677441e-10,0.09008790386868666,19,not_applicable,nan,17.75837503373623
kinetic_fourier21,gaussian_honeycomb,42,exact_cluster,v3-pilot-gaussian_honeycomb-exact-001,0.07428423988058327,0.019454888999462128,0.019454985857009888,0.038909874856472015,0.2701103091239929,6.719767875473792e-08,5.20670866421824e-08,1.1581860470677441e-10,0.09008790386868666,21,not_applicable,nan,21.271042060106993
kinetic_fourier25,gaussian_honeycomb,42,exact_cluster,v3-pilot-gaussian_honeycomb-exact-001,0.06203718538579617,0.01681794971227646,0.016818054020404816,0.033636003732681274,0.2727651596069336,4.534262187938509e-08,1.425905793439597e-07,1.1581860470677441e-10,0.09008790386868666,27,not_applicable,nan,33.740249928086996
kinetic_fourier21,gaussian_honeycomb,42,near_cluster,v3-pilot-gaussian_honeycomb-near-000,0.15924796864843735,0.0683547705411911,0.06922946125268936,0.13758423924446106,0.4157339632511139,7.424058501293018e-08,2.448216264383518e-06,0.004245626419986992,0.23974813148238117,21,not_applicable,nan,21.601415937766433
kinetic_fourier25,gaussian_honeycomb,42,near_cluster,v3-pilot-gaussian_honeycomb-near-000,0.13922128703791198,0.0625237450003624,0.05940999463200569,0.12193374335765839,0.41921597719192505,5.046709006251149e-08,5.652299819303153e-07,0.004245626419986992,0.23974813148238117,25,not_applicable,nan,29.42283288575709
fourier_shell3,gaussian_honeycomb,42,near_cluster,v3-pilot-gaussian_honeycomb-near-000,0.10301943764032688,0.04526973515748978,0.04460861161351204,0.08987835049629211,0.41232991218566895,6.936608132335209e-08,1.3038514907748322e-06,0.004245626419986992,0.23974813148238117,37,not_applicable,nan,60.553833143785596
wang_xie_adapted,gaussian_honeycomb,42,near_cluster,v3-pilot-gaussian_honeycomb-near-000,0.11963170098675767,0.04115376994013786,0.049940966069698334,0.0910947322845459,0.4078528583049774,2.8351232916890012e-08,9.199004580295878e-07,0.004245626419986992,0.23974813148238117,2,not_applicable,nan,0.7984160911291838
dai_adapted,gaussian_honeycomb,42,near_cluster,v3-pilot-gaussian_honeycomb-near-000,0.5295794048147298,0.15059757232666016,0.18601518869400024,0.3366127610206604,0.3228597939014435,1.0150255358443161e-07,0.00012261730444151908,0.004245626419986992,0.23974813148238117,6,not_applicable,nan,112.27341694757342
long_anchor,gaussian_honeycomb,42,near_cluster,v3-pilot-gaussian_honeycomb-near-000,0.14062789242705068,0.04954984784126282,0.04944256693124771,0.09899241477251053,0.38951677083969116,1.0159837704470931e-07,4.948570335727709e-07,0.004245626419986992,0.23974813148238117,2,not_applicable,nan,0.8946249727159739
sc_narr_shell1,gaussian_honeycomb,42,near_cluster,v3-pilot-gaussian_honeycomb-near-000,0.10934586393178503,0.0410086065530777,0.04618481919169426,0.08719342947006226,0.39536505937576294,1.371692990304041e-07,4.854975372836634e-07,0.004245626419986992,0.23974813148238117,9,not_applicable,nan,37.484209053218365
sc_narr,gaussian_honeycomb,42,near_cluster,v3-pilot-gaussian_honeycomb-near-000,0.10070179387695936,0.03920105844736099,0.04381388798356056,0.08301495015621185,0.3952418267726898,2.9049330496633274e-08,3.451963834777416e-07,0.004245626419986992,0.23974813148238117,21,not_applicable,nan,53.16408397629857
sc_hybrid25,gaussian_honeycomb,42,near_cluster,v3-pilot-gaussian_honeycomb-near-000,0.09721289481819777,0.03717745840549469,0.043244633823633194,0.08042208850383759,0.3956860303878784,8.338202028834729e-08,8.425073474427336e-07,0.004245626419986992,0.23974813148238117,25,not_applicable,nan,60.76970905996859
sr_routed25,gaussian_honeycomb,42,near_cluster,v3-pilot-gaussian_honeycomb-near-000,0.09721289481819777,0.03717745840549469,0.043244633823633194,0.08042208850383759,0.3956860303878784,8.338202028834729e-08,8.425073474427336e-07,0.004245626419986992,0.23974813148238117,25,hybrid,0.9080634713172913,68.4168750885874
fourier_shell2,gaussian_honeycomb,42,near_cluster,v3-pilot-gaussian_honeycomb-near-000,0.18192932398444348,0.07716543227434158,0.07556699216365814,0.15273243188858032,0.40816041827201843,2.128719078786645e-07,1.0018183274951298e-05,0.004245626419986992,0.23974813148238117,19,not_applicable,nan,17.59837521240115
kinetic_fourier25,gaussian_honeycomb,42,near_cluster,v3-pilot-gaussian_honeycomb-near-001,0.08979610249477632,0.029433995485305786,0.02779141440987587,0.057225409895181656,0.2962610721588135,1.212681479678679e-07,3.854257499824598e-07,0.002843535571306781,0.1521728151730666,25,not_applicable,nan,29.323583003133535
fourier_shell3,gaussian_honeycomb,42,near_cluster,v3-pilot-gaussian_honeycomb-near-001,0.06564451818584334,0.02026338130235672,0.02087077870965004,0.04113416001200676,0.2856327295303345,4.931962682697133e-08,1.0079824050990283e-06,0.002843535571306781,0.1521728151730666,37,not_applicable,nan,60.82812510430813
wang_xie_adapted,gaussian_honeycomb,42,near_cluster,v3-pilot-gaussian_honeycomb-near-001,0.07337687202067711,0.01906774938106537,0.01992350071668625,0.03899125009775162,0.27316728234291077,1.1144474454383158e-08,9.710307722343714e-07,0.002843535571306781,0.1521728151730666,2,not_applicable,nan,0.8580000139772892
dai_adapted,gaussian_honeycomb,42,near_cluster,v3-pilot-gaussian_honeycomb-near-001,0.5114612345692278,0.08309590816497803,0.12598773837089539,0.2090836465358734,0.26001930236816406,1.1679898381800058e-07,0.0001357561704935506,0.002843535571306781,0.1521728151730666,6,not_applicable,nan,109.73916598595679
long_anchor,gaussian_honeycomb,42,near_cluster,v3-pilot-gaussian_honeycomb-near-001,0.09978392022107685,0.021042196080088615,0.02454686164855957,0.045589059591293335,0.27257850766181946,1.1154573848879361e-07,3.9206270230351947e-07,0.002843535571306781,0.1521728151730666,2,not_applicable,nan,1.063792034983635
sc_narr_shell1,gaussian_honeycomb,42,near_cluster,v3-pilot-gaussian_honeycomb-near-001,0.06882376895526363,0.018851879984140396,0.019938189536333084,0.03879006952047348,0.27156081795692444,1.6757354637242372e-07,4.018429820007441e-07,0.002843535571306781,0.1521728151730666,9,not_applicable,nan,37.52912487834692
sc_narr,gaussian_honeycomb,42,near_cluster,v3-pilot-gaussian_honeycomb-near-001,0.06365205624634,0.018305344507098198,0.01878250390291214,0.03708785027265549,0.2711217999458313,8.631746895026993e-08,6.192672117322218e-07,0.002843535571306781,0.1521728151730666,21,not_applicable,nan,53.63324983045459
sc_hybrid25,gaussian_honeycomb,42,near_cluster,v3-pilot-gaussian_honeycomb-near-001,0.06099887233880246,0.017611732706427574,0.01811530441045761,0.035727038979530334,0.27085810899734497,1.0978859243948591e-07,9.440051371711888e-07,0.002843535571306781,0.1521728151730666,25,not_applicable,nan,61.269666999578476
sr_routed25,gaussian_honeycomb,42,near_cluster,v3-pilot-gaussian_honeycomb-near-001,0.06099887233880246,0.017611732706427574,0.01811530441045761,0.035727038979530334,0.27085810899734497,1.0978859243948591e-07,9.440051371711888e-07,0.002843535571306781,0.1521728151730666,25,hybrid,0.9081848859786987,69.35833301395178
fourier_shell2,gaussian_honeycomb,42,near_cluster,v3-pilot-gaussian_honeycomb-near-001,0.11923525304698514,0.0346844457089901,0.03851095959544182,0.07319540530443192,0.293989360332489,4.68768122097174e-08,2.855818479474692e-07,0.002843535571306781,0.1521728151730666,19,not_applicable,nan,17.740333219990134
kinetic_fourier21,gaussian_honeycomb,42,near_cluster,v3-pilot-gaussian_honeycomb-near-001,0.10323261507266267,0.03249059244990349,0.032719820737838745,0.06521041691303253,0.29671710729599,1.423636759589897e-07,2.2272810440426838e-07,0.002843535571306781,0.1521728151730666,21,not_applicable,nan,21.241792012006044
fourier_shell3,gaussian_honeycomb,42,near_cluster,v3-pilot-gaussian_honeycomb-near-002,0.018351189027121476,0.002275824546813965,0.002335652709007263,0.004611477255821228,0.11172991991043091,3.411246463080886e-08,7.554741188187108e-08,0.0036312841071918234,0.035012599271445066,37,not_applicable,nan,61.303624883294106
wang_xie_adapted,gaussian_honeycomb,42,near_cluster,v3-pilot-gaussian_honeycomb-near-002,0.08890211207765468,0.007822558283805847,0.008056223392486572,0.01587878167629242,0.14124834537506104,7.19793387116141e-08,6.622965997848951e-08,0.0036312841071918234,0.035012599271445066,2,not_applicable,nan,0.7922500371932983
dai_adapted,gaussian_honeycomb,42,near_cluster,v3-pilot-gaussian_honeycomb-near-002,0.5953416249512713,0.014404058456420898,0.08424907922744751,0.09865313768386841,0.17916640639305115,2.970690959891442e-08,2.8656037102336995e-05,0.0036312841071918234,0.035012599271445066,6,not_applicable,nan,110.02158303745091
long_anchor,gaussian_honeycomb,42,near_cluster,v3-pilot-gaussian_honeycomb-near-002,0.13448459358573034,0.010168403387069702,0.014063209295272827,0.02423161268234253,0.14740429818630219,8.01846093831977e-08,3.264708681172124e-08,0.0036312841071918234,0.035012599271445066,2,not_applicable,nan,0.8909159805625677
sc_narr_shell1,gaussian_honeycomb,42,near_cluster,v3-pilot-gaussian_honeycomb-near-002,0.020049565920280756,0.0023737549781799316,0.0019823312759399414,0.004356086254119873,0.10730623453855515,1.5513040341197382e-07,4.796350339120181e-08,0.0036312841071918234,0.035012599271445066,9,not_applicable,nan,37.81550005078316
sc_narr,gaussian_honeycomb,42,near_cluster,v3-pilot-gaussian_honeycomb-near-002,0.017682188139817583,0.00219060480594635,0.0019043684005737305,0.004094973206520081,0.10692771524190903,9.761085340009856e-08,3.9598095469273176e-08,0.0036312841071918234,0.035012599271445066,21,not_applicable,nan,53.622999927029014
sc_hybrid25,gaussian_honeycomb,42,near_cluster,v3-pilot-gaussian_honeycomb-near-002,0.016736777735358803,0.002138569951057434,0.001794770359992981,0.003933340311050415,0.1065472662448883,6.89787436058964e-08,3.8948986258446894e-08,0.0036312841071918234,0.035012599271445066,25,not_applicable,nan,62.833917094394565
sr_routed25,gaussian_honeycomb,42,near_cluster,v3-pilot-gaussian_honeycomb-near-002,0.016736777735358803,0.002138569951057434,0.001794770359992981,0.003933340311050415,0.1065472662448883,6.89787436058964e-08,3.8948986258446894e-08,0.0036312841071918234,0.035012599271445066,25,hybrid,0.9466701149940491,69.05287504196167
fourier_shell2,gaussian_honeycomb,42,near_cluster,v3-pilot-gaussian_honeycomb-near-002,0.03166600676439489,0.003642067313194275,0.003957882523536682,0.007599949836730957,0.11725886911153793,4.301083156299512e-08,9.103324316583894e-08,0.0036312841071918234,0.035012599271445066,19,not_applicable,nan,17.776000080630183
kinetic_fourier21,gaussian_honeycomb,42,near_cluster,v3-pilot-gaussian_honeycomb-near-002,0.027394407727539614,0.0034291595220565796,0.0034314095973968506,0.00686056911945343,0.11710263788700104,9.226908781467813e-08,3.0964599773142254e-08,0.0036312841071918234,0.035012599271445066,21,not_applicable,nan,21.389750065281987
kinetic_fourier25,gaussian_honeycomb,42,near_cluster,v3-pilot-gaussian_honeycomb-near-002,0.024111074543320978,0.003139674663543701,0.0029739737510681152,0.006113648414611816,0.1160716861486435,9.30289250078431e-08,4.723339230849888e-08,0.0036312841071918234,0.035012599271445066,25,not_applicable,nan,29.280250193551183
fourier_shell2,gaussian_honeycomb,42,strict_ood,v3-pilot-gaussian_honeycomb-ood-000,0.17510604578923805,0.06513706594705582,0.054916296154260635,0.12005336582660675,0.39197221398353577,3.867792464085085e-08,3.506622476834309e-07,0.0615945881183697,0.16538686457228097,19,not_applicable,nan,17.61974999681115
kinetic_fourier21,gaussian_honeycomb,42,strict_ood,v3-pilot-gaussian_honeycomb-ood-000,0.15590184937501786,0.05978911370038986,0.051404476165771484,0.11119358986616135,0.40072908997535706,1.5671047881582467e-07,2.8266455842640426e-07,0.0615945881183697,0.16538686457228097,21,not_applicable,nan,21.739832824096084
kinetic_fourier25,gaussian_honeycomb,42,strict_ood,v3-pilot-gaussian_honeycomb-ood-000,0.13714728857239825,0.05530380457639694,0.04543532431125641,0.10073912888765335,0.4080356955528259,1.3157142486619477e-07,2.651148065524467e-07,0.0615945881183697,0.16538686457228097,25,not_applicable,nan,29.09029182046652
fourier_shell3,gaussian_honeycomb,42,strict_ood,v3-pilot-gaussian_honeycomb-ood-000,0.10657555262524712,0.043626897037029266,0.03585626184940338,0.07948315888643265,0.41219431161880493,1.0467608180242394e-07,8.623599683232896e-07,0.0615945881183697,0.16538686457228097,37,not_applicable,nan,61.17008300498128
wang_xie_adapted,gaussian_honeycomb,42,strict_ood,v3-pilot-gaussian_honeycomb-ood-000,0.2779382919692396,0.07652471959590912,0.08755216747522354,0.16407689452171326,0.513070821762085,3.392239844579592e-08,4.350463882474287e-07,0.0615945881183697,0.16538686457228097,2,not_applicable,nan,0.7956249173730612
dai_adapted,gaussian_honeycomb,42,strict_ood,v3-pilot-gaussian_honeycomb-ood-000,0.461888524855689,0.14512671530246735,0.10730233043432236,0.2524290382862091,0.32530462741851807,2.805232068858743e-08,0.0001998377701966092,0.0615945881183697,0.16538686457228097,6,not_applicable,nan,110.07712502032518
long_anchor,gaussian_honeycomb,42,strict_ood,v3-pilot-gaussian_honeycomb-ood-000,0.2031048596784338,0.06252897530794144,0.05919601395726204,0.12172499299049377,0.46122607588768005,9.402551648385327e-08,1.366696551485802e-07,0.0615945881183697,0.16538686457228097,2,not_applicable,nan,0.9412080980837345
sc_narr_shell1,gaussian_honeycomb,42,strict_ood,v3-pilot-gaussian_honeycomb-ood-000,0.11510364915009459,0.04251212626695633,0.03657381609082222,0.07908594608306885,0.4003353416919708,6.357189397121488e-08,4.4841110025117814e-07,0.0615945881183697,0.16538686457228097,9,not_applicable,nan,37.73745894432068
sc_narr,gaussian_honeycomb,42,strict_ood,v3-pilot-gaussian_honeycomb-ood-000,0.10381451520974055,0.04051579162478447,0.03459182009100914,0.07510761171579361,0.40209874510765076,1.2013292072232673e-07,7.990613539732294e-07,0.0615945881183697,0.16538686457228097,21,not_applicable,nan,53.152750013396144
sc_hybrid25,gaussian_honeycomb,42,strict_ood,v3-pilot-gaussian_honeycomb-ood-000,0.10090990200310442,0.03967416286468506,0.033723942935466766,0.07339810580015182,0.4030914306640625,1.0169246489333261e-07,8.812123724055709e-07,0.0615945881183697,0.16538686457228097,25,not_applicable,nan,61.56499986536801
sr_routed25,gaussian_honeycomb,42,strict_ood,v3-pilot-gaussian_honeycomb-ood-000,0.10090990200310442,0.03967416286468506,0.033723942935466766,0.07339810580015182,0.4030914306640625,1.0169246489333261e-07,8.812123724055709e-07,0.0615945881183697,0.16538686457228097,25,hybrid,0.9383530616760254,68.35145805962384
kinetic_fourier21,gaussian_honeycomb,42,strict_ood,v3-pilot-gaussian_honeycomb-ood-001,0.02797345173198378,0.0025205686688423157,0.00243493914604187,0.004955507814884186,0.07840482890605927,1.1899134833015523e-07,8.036101917241467e-08,0.03904797696890873,0.05987454894637591,21,not_applicable,nan,21.27162483520806
kinetic_fourier25,gaussian_honeycomb,42,strict_ood,v3-pilot-gaussian_honeycomb-ood-001,0.022695197873899318,0.002094477415084839,0.0018670111894607544,0.003961488604545593,0.07470298558473587,5.0831337250478725e-08,8.260149542138606e-08,0.03904797696890873,0.05987454894637591,25,not_applicable,nan,29.120582854375243
fourier_shell3,gaussian_honeycomb,42,strict_ood,v3-pilot-gaussian_honeycomb-ood-001,0.015254836716864579,0.0012318342924118042,0.0010803192853927612,0.0023121535778045654,0.06365356594324112,6.954082709675902e-08,1.308095676222365e-07,0.03904797696890873,0.05987454894637591,37,not_applicable,nan,61.27833295613527
wang_xie_adapted,gaussian_honeycomb,42,strict_ood,v3-pilot-gaussian_honeycomb-ood-001,0.321751635972848,0.010644659399986267,0.012014508247375488,0.022659167647361755,0.08442153036594391,1.2929594706001524e-07,7.650838540484983e-08,0.03904797696890873,0.05987454894637591,2,not_applicable,nan,1.0433751158416271
dai_adapted,gaussian_honeycomb,42,strict_ood,v3-pilot-gaussian_honeycomb-ood-001,0.669995714804571,0.04423464089632034,0.08744187653064728,0.13167652487754822,0.13686545193195343,1.161837693830492e-07,1.9601047824835405e-05,0.03904797696890873,0.05987454894637591,6,not_applicable,nan,109.28316600620747
long_anchor,gaussian_honeycomb,42,strict_ood,v3-pilot-gaussian_honeycomb-ood-001,0.2923844303233028,0.01210261881351471,0.009249567985534668,0.021352186799049377,0.08029033988714218,6.330842605706266e-08,4.022610511356106e-08,0.03904797696890873,0.05987454894637591,2,not_applicable,nan,0.8801249787211418
sc_narr_shell1,gaussian_honeycomb,42,strict_ood,v3-pilot-gaussian_honeycomb-ood-001,0.022783440003433457,0.0012299120426177979,0.0015583038330078125,0.0027882158756256104,0.060498978942632675,6.991778644938051e-08,8.066522383387564e-08,0.03904797696890873,0.05987454894637591,9,not_applicable,nan,37.52695815637708
sc_narr,gaussian_honeycomb,42,strict_ood,v3-pilot-gaussian_honeycomb-ood-001,0.015328719608812574,0.0009928494691848755,0.0011041760444641113,0.002097025513648987,0.05822892114520073,1.4490201682981763e-07,1.1924905152227439e-07,0.03904797696890873,0.05987454894637591,21,not_applicable,nan,53.10462508350611
sc_hybrid25,gaussian_honeycomb,42,strict_ood,v3-pilot-gaussian_honeycomb-ood-001,0.014288733522309478,0.0009282976388931274,0.0010464116930961609,0.0019747093319892883,0.0577336922287941,6.998584933803897e-08,4.3352898160264886e-08,0.03904797696890873,0.05987454894637591,25,not_applicable,nan,61.26474984921515
sr_routed25,gaussian_honeycomb,42,strict_ood,v3-pilot-gaussian_honeycomb-ood-001,0.014288733522309478,0.0009282976388931274,0.0010464116930961609,0.0019747093319892883,0.0577336922287941,6.998584933803897e-08,4.3352898160264886e-08,0.03904797696890873,0.05987454894637591,25,hybrid,0.8308379054069519,69.1357918549329
fourier_shell2,gaussian_honeycomb,42,strict_ood,v3-pilot-gaussian_honeycomb-ood-001,0.036105450174106365,0.003395065665245056,0.0028377175331115723,0.006232783198356628,0.08102864027023315,1.4135857751007563e-07,5.950149883915401e-08,0.03904797696890873,0.05987454894637591,19,not_applicable,nan,17.826125025749207
kinetic_fourier25,gaussian_honeycomb,42,strict_ood,v3-pilot-gaussian_honeycomb-ood-002,0.10209621853378308,0.030400238931179047,0.028950653970241547,0.05935089290142059,0.2975187301635742,5.561911542439901e-08,5.29468138665834e-07,0.03808685056606133,0.16455670921104515,25,not_applicable,nan,29.567084042355418
fourier_shell3,gaussian_honeycomb,42,strict_ood,v3-pilot-gaussian_honeycomb-ood-002,0.07383921928526663,0.020778607577085495,0.021470893174409866,0.04224950075149536,0.28658512234687805,6.652470396772969e-08,1.2235966551088495e-06,0.03808685056606133,0.16455670921104515,37,not_applicable,nan,61.01179192773998
wang_xie_adapted,gaussian_honeycomb,42,strict_ood,v3-pilot-gaussian_honeycomb-ood-002,0.20383474050698336,0.02202780544757843,0.03404514491558075,0.05607295036315918,0.27946633100509644,4.43320393728186e-08,6.3103624370342e-07,0.03808685056606133,0.16455670921104515,2,not_applicable,nan,0.7897499017417431
dai_adapted,gaussian_honeycomb,42,strict_ood,v3-pilot-gaussian_honeycomb-ood-002,0.5098247657884528,0.09439175575971603,0.13968344032764435,0.23407518863677979,0.2703019380569458,2.3711678731608288e-07,0.00016580536612309515,0.03808685056606133,0.16455670921104515,6,not_applicable,nan,109.61883305571973
long_anchor,gaussian_honeycomb,42,strict_ood,v3-pilot-gaussian_honeycomb-ood-002,0.16334770712476454,0.021317027509212494,0.03456886485219002,0.05588589236140251,0.2770540714263916,4.207573889303262e-08,1.8013059843724477e-07,0.03808685056606133,0.16455670921104515,2,not_applicable,nan,1.1211659293621778
sc_narr_shell1,gaussian_honeycomb,42,strict_ood,v3-pilot-gaussian_honeycomb-ood-002,0.0780433415960262,0.02021530643105507,0.02073386311531067,0.04094916954636574,0.2721322476863861,6.557788267969045e-08,7.912873911664065e-07,0.03808685056606133,0.16455670921104515,9,not_applicable,nan,37.904500029981136
sc_narr,gaussian_honeycomb,42,strict_ood,v3-pilot-gaussian_honeycomb-ood-002,0.0721817708869553,0.01909535378217697,0.01981024444103241,0.03890559822320938,0.27199140191078186,7.016742153975741e-08,6.615032361878548e-07,0.03808685056606133,0.16455670921104515,21,not_applicable,nan,56.43016682006419
sc_hybrid25,gaussian_honeycomb,42,strict_ood,v3-pilot-gaussian_honeycomb-ood-002,0.06850112038387748,0.018586624413728714,0.0186203271150589,0.03720695152878761,0.2715664207935333,1.2539294691471525e-07,4.109735698420991e-07,0.03808685056606133,0.16455670921104515,25,not_applicable,nan,62.81949998810887
sr_routed25,gaussian_honeycomb,42,strict_ood,v3-pilot-gaussian_honeycomb-ood-002,0.06850112038387748,0.018586624413728714,0.0186203271150589,0.03720695152878761,0.2715664207935333,1.2539294691471525e-07,4.109735698420991e-07,0.03808685056606133,0.16455670921104515,25,hybrid,0.9027104377746582,87.41816692054272
fourier_shell2,gaussian_honeycomb,42,strict_ood,v3-pilot-gaussian_honeycomb-ood-002,0.13824013212308378,0.03670281171798706,0.03919937461614609,0.07590218633413315,0.29421791434288025,1.9697942854612904e-07,4.57047605095795e-07,0.03808685056606133,0.16455670921104515,19,not_applicable,nan,17.70362490788102
kinetic_fourier21,gaussian_honeycomb,42,strict_ood,v3-pilot-gaussian_honeycomb-ood-002,0.12070662460392262,0.03364396467804909,0.034613508731126785,0.06825747340917587,0.29700180888175964,1.1627862162022495e-07,2.4807960130601714e-07,0.03808685056606133,0.16455670921104515,21,not_applicable,nan,20.938667003065348
kinetic_fourier21,gaussian_honeycomb,42,gap_scan,v3-pilot-gaussian_honeycomb-gap-000,0.10787642515557871,0.034458160400390625,0.03550531715154648,0.0699634775519371,0.29668128490448,1.033169683140045e-07,6.441384243771608e-07,0.011065496944497693,0.16953390052858983,21,not_applicable,nan,21.5419998858124
kinetic_fourier25,gaussian_honeycomb,42,gap_scan,v3-pilot-gaussian_honeycomb-gap-000,0.09258651115148088,0.03067999891936779,0.02967759594321251,0.06035759299993515,0.2947050631046295,1.0638048086875074e-07,4.2559773305583803e-07,0.011065496944497693,0.16953390052858983,25,not_applicable,nan,29.26887501962483
fourier_shell3,gaussian_honeycomb,42,gap_scan,v3-pilot-gaussian_honeycomb-gap-000,0.06661426374990033,0.021036777645349503,0.020959027111530304,0.041995804756879807,0.2791081964969635,8.465164724746899e-08,2.570782953625894e-06,0.011065496944497693,0.16953390052858983,37,not_applicable,nan,61.0149169806391
wang_xie_adapted,gaussian_honeycomb,42,gap_scan,v3-pilot-gaussian_honeycomb-gap-000,0.11025763759023917,0.019197283312678337,0.02514910325407982,0.04434638470411301,0.25206950306892395,4.657928864837402e-08,1.0239948551316047e-06,0.011065496944497693,0.16953390052858983,2,not_applicable,nan,0.8131249342113733
dai_adapted,gaussian_honeycomb,42,gap_scan,v3-pilot-gaussian_honeycomb-gap-000,0.5367228575627913,0.10872247070074081,0.1406034231185913,0.24932590126991272,0.2700169086456299,1.472203132735217e-07,0.00012553218402899802,0.011065496944497693,0.16953390052858983,6,not_applicable,nan,109.64533290825784
long_anchor,gaussian_honeycomb,42,gap_scan,v3-pilot-gaussian_honeycomb-gap-000,0.14998048433829717,0.02608862705528736,0.026540717110037804,0.052629344165325165,0.2519901990890503,7.718573580284271e-08,8.299962246383075e-07,0.011065496944497693,0.16953390052858983,2,not_applicable,nan,0.8926251903176308
sc_narr_shell1,gaussian_honeycomb,42,gap_scan,v3-pilot-gaussian_honeycomb-gap-000,0.0723301673371684,0.018234340474009514,0.02145466022193432,0.03968900069594383,0.2628772258758545,1.0053387478059506e-07,2.2811220787843922e-06,0.011065496944497693,0.16953390052858983,9,not_applicable,nan,37.51533408649266
sc_narr,gaussian_honeycomb,42,gap_scan,v3-pilot-gaussian_honeycomb-gap-000,0.06444025198058453,0.01742149516940117,0.019921990111470222,0.03734348714351654,0.262037456035614,1.6138821301581174e-07,1.1625290881056571e-06,0.011065496944497693,0.16953390052858983,21,not_applicable,nan,54.932250175625086
sc_hybrid25,gaussian_honeycomb,42,gap_scan,v3-pilot-gaussian_honeycomb-gap-000,0.06177270308305782,0.0163022018969059,0.019660163670778275,0.035962365567684174,0.2616809010505676,5.146920556420298e-09,1.630727410883992e-06,0.011065496944497693,0.16953390052858983,25,not_applicable,nan,61.72624998725951
sr_routed25,gaussian_honeycomb,42,gap_scan,v3-pilot-gaussian_honeycomb-gap-000,0.06177270308305782,0.0163022018969059,0.019660163670778275,0.035962365567684174,0.2616809010505676,5.146920556420298e-09,1.630727410883992e-06,0.011065496944497693,0.16953390052858983,25,hybrid,0.888590931892395,69.76854195818305
fourier_shell2,gaussian_honeycomb,42,gap_scan,v3-pilot-gaussian_honeycomb-gap-000,0.12682529835577108,0.041560858488082886,0.03867466747760773,0.08023552596569061,0.29460278153419495,7.190211293028881e-08,3.6442742157305474e-07,0.011065496944497693,0.16953390052858983,19,not_applicable,nan,17.55554205738008
kinetic_fourier25,gaussian_honeycomb,42,gap_scan,v3-pilot-gaussian_honeycomb-gap-001,0.015583515485106685,0.0010547861456871033,0.0009517520666122437,0.002006538212299347,0.06624932587146759,1.1608405814378386e-07,3.4888813615907566e-08,0.04288405987401406,0.044633216371601975,25,not_applicable,nan,28.94125017337501
fourier_shell3,gaussian_honeycomb,42,gap_scan,v3-pilot-gaussian_honeycomb-gap-001,0.011954183358088089,0.0007909312844276428,0.0007196366786956787,0.0015105679631233215,0.06313946098089218,1.284010868740637e-07,4.690441102184195e-08,0.04288405987401406,0.044633216371601975,37,not_applicable,nan,61.12058297730982
wang_xie_adapted,gaussian_honeycomb,42,gap_scan,v3-pilot-gaussian_honeycomb-gap-001,0.5259793862498001,0.019776687026023865,0.02595338225364685,0.045730069279670715,0.10573295503854752,3.2712949075176864e-08,6.38135588815203e-08,0.04288405987401406,0.044633216371601975,2,not_applicable,nan,0.7847498636692762
dai_adapted,gaussian_honeycomb,42,gap_scan,v3-pilot-gaussian_honeycomb-gap-001,0.702391792505167,0.03550785779953003,0.04543226957321167,0.0809401273727417,0.12924954295158386,1.7257356410560476e-07,9.502919056103565e-06,0.04288405987401406,0.044633216371601975,6,not_applicable,nan,112.51204088330269
long_anchor,gaussian_honeycomb,42,gap_scan,v3-pilot-gaussian_honeycomb-gap-001,0.5510421973539879,0.024587959051132202,0.030636489391326904,0.055224448442459106,0.11053857952356339,1.5038563649927283e-07,4.383478113823003e-08,0.04288405987401406,0.044633216371601975,2,not_applicable,nan,1.0631661862134933
sc_narr_shell1,gaussian_honeycomb,42,gap_scan,v3-pilot-gaussian_honeycomb-gap-001,0.014984716060153617,0.0007397979497909546,0.0007089674472808838,0.0014487653970718384,0.05998699739575386,5.4366691371043885e-08,4.057090308151601e-08,0.04288405987401406,0.044633216371601975,9,not_applicable,nan,38.11079217121005
sc_narr,gaussian_honeycomb,42,gap_scan,v3-pilot-gaussian_honeycomb-gap-001,0.011298489001528321,0.0006562992930412292,0.000615730881690979,0.0012720301747322083,0.059491582214832306,6.24041280872234e-08,5.921982193513031e-08,0.04288405987401406,0.044633216371601975,21,not_applicable,nan,53.339249920099974
sc_hybrid25,gaussian_honeycomb,42,gap_scan,v3-pilot-gaussian_honeycomb-gap-001,0.010807356461785593,0.0006204470992088318,0.0006020069122314453,0.001222454011440277,0.05926169455051422,1.0298736907721207e-07,1.127284079416313e-07,0.04288405987401406,0.044633216371601975,25,not_applicable,nan,61.604916816577315
sr_routed25,gaussian_honeycomb,42,gap_scan,v3-pilot-gaussian_honeycomb-gap-001,0.010807356461785593,0.0006204470992088318,0.0006020069122314453,0.001222454011440277,0.05926169455051422,1.0298736907721207e-07,1.127284079416313e-07,0.04288405987401406,0.044633216371601975,25,hybrid,0.9426866769790649,68.756332853809
fourier_shell2,gaussian_honeycomb,42,gap_scan,v3-pilot-gaussian_honeycomb-gap-001,0.02106037898339175,0.0013834312558174133,0.001228630542755127,0.0026120617985725403,0.06751493364572525,2.8094795156974328e-08,2.125152676057951e-08,0.04288405987401406,0.044633216371601975,19,not_applicable,nan,18.16958305425942
kinetic_fourier21,gaussian_honeycomb,42,gap_scan,v3-pilot-gaussian_honeycomb-gap-001,0.017936159996520814,0.001171901822090149,0.0010861456394195557,0.0022580474615097046,0.0670853778719902,3.2196423305208555e-08,5.026691596299315e-08,0.04288405987401406,0.044633216371601975,21,not_applicable,nan,21.221125032752752
long_anchor,gaussian_honeycomb,137,iid_hidden,v3-pilot-gaussian_honeycomb-iid-000,0.2469404224383706,0.006333470344543457,0.00914745032787323,0.015480920672416687,0.09329430758953094,1.1176881520302828e-07,4.254741270415252e-08,0.01104190155921822,0.03231251183714623,2,not_applicable,nan,1.1993329972028732
sc_narr_shell1,gaussian_honeycomb,137,iid_hidden,v3-pilot-gaussian_honeycomb-iid-000,0.017607645514898337,0.0011356621980667114,0.001035436987876892,0.0021710991859436035,0.06420134007930756,6.485530334998657e-08,2.8920988270897396e-08,0.01104190155921822,0.03231251183714623,9,not_applicable,nan,38.13400003127754
sc_narr,gaussian_honeycomb,137,iid_hidden,v3-pilot-gaussian_honeycomb-iid-000,0.014019517885508329,0.0009442418813705444,0.0008844435214996338,0.0018286854028701782,0.06284016370773315,1.4826798544476105e-07,6.072374247878543e-08,0.01104190155921822,0.03231251183714623,21,not_applicable,nan,53.08387498371303
sc_hybrid25,gaussian_honeycomb,137,iid_hidden,v3-pilot-gaussian_honeycomb-iid-000,0.013800247724362672,0.0009324401617050171,0.0008745789527893066,0.0018070191144943237,0.06274254620075226,1.090828416483447e-07,7.332702267603963e-08,0.01104190155921822,0.03231251183714623,25,not_applicable,nan,63.17829200997949
sr_routed25,gaussian_honeycomb,137,iid_hidden,v3-pilot-gaussian_honeycomb-iid-000,0.013800247724362672,0.0009324401617050171,0.0008745789527893066,0.0018070191144943237,0.06274254620075226,1.090828416483447e-07,7.332702267603963e-08,0.01104190155921822,0.03231251183714623,25,hybrid,0.9101096391677856,68.64008400589228
fourier_shell2,gaussian_honeycomb,137,iid_hidden,v3-pilot-gaussian_honeycomb-iid-000,0.02855159619659297,0.002096012234687805,0.0019425153732299805,0.004038527607917786,0.07580600678920746,7.102940202674546e-08,8.206357904327888e-08,0.01104190155921822,0.03231251183714623,19,not_applicable,nan,17.82570779323578
kinetic_fourier21,gaussian_honeycomb,137,iid_hidden,v3-pilot-gaussian_honeycomb-iid-000,0.023674118599144766,0.0018449574708938599,0.00164872407913208,0.00349368155002594,0.07486701011657715,1.0907023573203389e-07,2.7775778121963413e-08,0.01104190155921822,0.03231251183714623,21,not_applicable,nan,21.470207953825593
kinetic_fourier25,gaussian_honeycomb,137,iid_hidden,v3-pilot-gaussian_honeycomb-iid-000,0.020123876041287563,0.0016400963068008423,0.0013550817966461182,0.0029951781034469604,0.07310222834348679,9.658338107065845e-08,5.5655647202002e-08,0.01104190155921822,0.03231251183714623,25,not_applicable,nan,29.187166830524802
fourier_shell3,gaussian_honeycomb,137,iid_hidden,v3-pilot-gaussian_honeycomb-iid-000,0.0145597628024878,0.0010751783847808838,0.0009675025939941406,0.0020426809787750244,0.06722908467054367,1.0143208184487662e-07,8.45905034907446e-08,0.01104190155921822,0.03231251183714623,37,not_applicable,nan,60.98662503063679
wang_xie_adapted,gaussian_honeycomb,137,iid_hidden,v3-pilot-gaussian_honeycomb-iid-000,0.20769141853506115,0.004660129547119141,0.007093638181686401,0.011753767728805542,0.09045939147472382,5.429953764402029e-08,1.282830766058396e-07,0.01104190155921822,0.03231251183714623,2,not_applicable,nan,0.8749591652303934
dai_adapted,gaussian_honeycomb,137,iid_hidden,v3-pilot-gaussian_honeycomb-iid-000,0.36439039076341767,0.01366358995437622,0.023261457681655884,0.036925047636032104,0.10066819936037064,1.1509237540785477e-07,9.717189186631003e-07,0.01104190155921822,0.03231251183714623,6,not_applicable,nan,109.62179116904736
sc_narr_shell1,gaussian_honeycomb,137,iid_hidden,v3-pilot-gaussian_honeycomb-iid-001,0.09843617248588714,0.037602923810482025,0.03862481564283371,0.07622773945331573,0.3468126356601715,9.600459449643495e-08,4.237538746565406e-07,0.013562781966745763,0.30289332355814963,9,not_applicable,nan,37.75604208931327
sc_narr,gaussian_honeycomb,137,iid_hidden,v3-pilot-gaussian_honeycomb-iid-001,0.08897752008313226,0.03534223139286041,0.035439200699329376,0.07078143209218979,0.34678661823272705,1.1017621193154525e-07,4.0597720385449065e-07,0.013562781966745763,0.30289332355814963,21,not_applicable,nan,53.23691596277058
sc_hybrid25,gaussian_honeycomb,137,iid_hidden,v3-pilot-gaussian_honeycomb-iid-001,0.08674823956953763,0.03462912142276764,0.034418024122714996,0.06904714554548264,0.3464808464050293,1.0429489361030164e-07,5.900681685488962e-07,0.013562781966745763,0.30289332355814963,25,not_applicable,nan,61.35179102420807
sr_routed25,gaussian_honeycomb,137,iid_hidden,v3-pilot-gaussian_honeycomb-iid-001,0.08674823956953763,0.03462912142276764,0.034418024122714996,0.06904714554548264,0.3464808464050293,1.0429489361030164e-07,5.900681685488962e-07,0.013562781966745763,0.30289332355814963,25,hybrid,0.8580533862113953,69.12266602739692
fourier_shell2,gaussian_honeycomb,137,iid_hidden,v3-pilot-gaussian_honeycomb-iid-001,0.187019193279091,0.07953247427940369,0.08975867927074432,0.169291153550148,0.40277618169784546,9.491127750393957e-08,3.6947864145986387e-07,0.013562781966745763,0.30289332355814963,19,not_applicable,nan,17.765958094969392
kinetic_fourier21,gaussian_honeycomb,137,iid_hidden,v3-pilot-gaussian_honeycomb-iid-001,0.1606597766075692,0.07358051836490631,0.07395119220018387,0.14753171801567078,0.4055880010128021,1.4009056548136556e-07,3.190245649875578e-07,0.013562781966745763,0.30289332355814963,21,not_applicable,nan,21.787249948829412
kinetic_fourier25,gaussian_honeycomb,137,iid_hidden,v3-pilot-gaussian_honeycomb-iid-001,0.13632315563156244,0.06468383967876434,0.06078450381755829,0.12546834349632263,0.4028662145137787,1.3193495274066436e-07,3.538519024459674e-07,0.013562781966745763,0.30289332355814963,25,not_applicable,nan,29.533083084970713
fourier_shell3,gaussian_honeycomb,137,iid_hidden,v3-pilot-gaussian_honeycomb-iid-001,0.09476977897249159,0.041368961334228516,0.041963689029216766,0.08333265036344528,0.377898633480072,9.151872326640387e-08,2.988293772432371e-07,0.013562781966745763,0.30289332355814963,37,not_applicable,nan,61.73445796594024
wang_xie_adapted,gaussian_honeycomb,137,iid_hidden,v3-pilot-gaussian_honeycomb-iid-001,0.19472653283906127,0.05286747217178345,0.04826103150844574,0.10112850368022919,0.31131306290626526,8.677902707532326e-08,2.2282185341282457e-07,0.013562781966745763,0.30289332355814963,2,not_applicable,nan,0.8035418577492237
dai_adapted,gaussian_honeycomb,137,iid_hidden,v3-pilot-gaussian_honeycomb-iid-001,0.6022166854516608,0.14621146023273468,0.2662726044654846,0.4124840497970581,0.32735833525657654,1.8686805991485755e-08,5.77662785872235e-06,0.013562781966745763,0.30289332355814963,6,not_applicable,nan,110.05570809356868
long_anchor,gaussian_honeycomb,137,iid_hidden,v3-pilot-gaussian_honeycomb-iid-001,0.22643665464369317,0.06141168624162674,0.062121398746967316,0.12353308498859406,0.31040337681770325,1.482201212876788e-07,2.852250986506988e-07,0.013562781966745763,0.30289332355814963,2,not_applicable,nan,0.9197080507874489
sc_hybrid25,gaussian_honeycomb,137,exact_cluster,v3-pilot-gaussian_honeycomb-exact-000,0.04115841880535049,0.0077197253704071045,0.010272711515426636,0.01799243688583374,0.19389651715755463,1.621357281766933e-07,3.098807610513177e-07,3.010577898088229e-13,0.1115971440676102,25,not_applicable,nan,62.30150000192225
sr_routed25,gaussian_honeycomb,137,exact_cluster,v3-pilot-gaussian_honeycomb-exact-000,0.04115841880535049,0.0077197253704071045,0.010272711515426636,0.01799243688583374,0.19389651715755463,1.621357281766933e-07,3.098807610513177e-07,3.010577898088229e-13,0.1115971440676102,25,hybrid,0.9034584164619446,73.18020914681256
fourier_shell2,gaussian_honeycomb,137,exact_cluster,v3-pilot-gaussian_honeycomb-exact-000,0.08514451914867255,0.019155696034431458,0.021846704185009003,0.04100240021944046,0.2233586460351944,2.676821819758146e-08,1.2952183681136376e-07,3.010577898088229e-13,0.1115971440676102,19,not_applicable,nan,17.937000142410398
kinetic_fourier21,gaussian_honeycomb,137,exact_cluster,v3-pilot-gaussian_honeycomb-exact-000,0.07257549586393769,0.01798170804977417,0.017981812357902527,0.0359635204076767,0.22381019592285156,4.090638938691882e-08,1.1450856618466787e-07,3.010577898088229e-13,0.1115971440676102,21,not_applicable,nan,21.25379187054932
kinetic_fourier25,gaussian_honeycomb,137,exact_cluster,v3-pilot-gaussian_honeycomb-exact-000,0.05733291362618204,0.014384634792804718,0.014384716749191284,0.028769351541996002,0.22032590210437775,1.7917219685692487e-07,1.6641637046177493e-07,3.010577898088229e-13,0.1115971440676102,27,not_applicable,nan,33.99024996906519
fourier_shell3,gaussian_honeycomb,137,exact_cluster,v3-pilot-gaussian_honeycomb-exact-000,0.045433531752161686,0.010713212192058563,0.011148825287818909,0.021862037479877472,0.20959684252738953,1.518295513758261e-07,3.2669882443769893e-07,3.010577898088229e-13,0.1115971440676102,37,not_applicable,nan,61.33658392354846
wang_xie_adapted,gaussian_honeycomb,137,exact_cluster,v3-pilot-gaussian_honeycomb-exact-000,0.08765065372488991,0.009122282266616821,0.011336706578731537,0.020458988845348358,0.19447965919971466,3.019026673101166e-08,9.916075782712142e-08,3.010577898088229e-13,0.1115971440676102,2,not_applicable,nan,0.7861659396439791
dai_adapted,gaussian_honeycomb,137,exact_cluster,v3-pilot-gaussian_honeycomb-exact-000,0.5073517041180277,0.04763699322938919,0.10327596962451935,0.15091297030448914,0.21898895502090454,8.371712145738286e-08,7.040581294859294e-06,3.010577898088229e-13,0.1115971440676102,6,not_applicable,nan,110.39499985054135
long_anchor,gaussian_honeycomb,137,exact_cluster,v3-pilot-gaussian_honeycomb-exact-000,0.0685374916393737,0.009242944419384003,0.01217544823884964,0.021418392658233643,0.19338661432266235,1.1990583381749076e-07,2.0589405380633252e-07,3.010577898088229e-13,0.1115971440676102,2,not_applicable,nan,0.9412921499460936
sc_narr_shell1,gaussian_honeycomb,137,exact_cluster,v3-pilot-gaussian_honeycomb-exact-000,0.04521397893068584,0.00826834887266159,0.01106657087802887,0.01933491975069046,0.19475911557674408,1.544113481521947e-07,1.32709359945693e-07,3.010577898088229e-13,0.1115971440676102,9,not_applicable,nan,37.79904101975262
sc_narr,gaussian_honeycomb,137,exact_cluster,v3-pilot-gaussian_honeycomb-exact-000,0.04194617013276235,0.007881797850131989,0.010424517095088959,0.018306314945220947,0.19413220882415771,8.540094942333099e-08,2.3175607566372491e-07,3.010577898088229e-13,0.1115971440676102,21,not_applicable,nan,53.63012501038611
sr_routed25,gaussian_honeycomb,137,exact_cluster,v3-pilot-gaussian_honeycomb-exact-001,0.04682401498473812,0.011121317744255066,0.013172931969165802,0.024294249713420868,0.2629627585411072,6.49234235261531e-08,1.70177330005572e-07,1.1581860470677441e-10,0.09008790386868666,25,hybrid,0.9535636305809021,68.84312513284385
fourier_shell2,gaussian_honeycomb,137,exact_cluster,v3-pilot-gaussian_honeycomb-exact-001,0.08363220388018856,0.020235657691955566,0.02189905196428299,0.042134709656238556,0.26695412397384644,1.7815263819720428e-07,1.173291650502506e-07,1.1581860470677441e-10,0.09008790386868666,19,not_applicable,nan,17.74400006979704
kinetic_fourier21,gaussian_honeycomb,137,exact_cluster,v3-pilot-gaussian_honeycomb-exact-001,0.07428423988058327,0.019454888999462128,0.019454985857009888,0.038909874856472015,0.2701103091239929,6.719767875473792e-08,5.20670866421824e-08,1.1581860470677441e-10,0.09008790386868666,21,not_applicable,nan,21.49625006131828
kinetic_fourier25,gaussian_honeycomb,137,exact_cluster,v3-pilot-gaussian_honeycomb-exact-001,0.06203718538579617,0.01681794971227646,0.016818054020404816,0.033636003732681274,0.2727651596069336,4.534262187938509e-08,1.425905793439597e-07,1.1581860470677441e-10,0.09008790386868666,27,not_applicable,nan,33.61120889894664
fourier_shell3,gaussian_honeycomb,137,exact_cluster,v3-pilot-gaussian_honeycomb-exact-001,0.051689866186274594,0.013874553143978119,0.01420273631811142,0.02807728946208954,0.27104800939559937,6.084215498081136e-08,2.255418820595878e-07,1.1581860470677441e-10,0.09008790386868666,37,not_applicable,nan,62.005167128518224
wang_xie_adapted,gaussian_honeycomb,137,exact_cluster,v3-pilot-gaussian_honeycomb-exact-001,0.21095199041520693,0.02677854895591736,0.037495724856853485,0.06427427381277084,0.33263295888900757,1.0091626490016381e-07,1.3868491066659772e-07,1.1581860470677441e-10,0.09008790386868666,2,not_applicable,nan,0.943915918469429
dai_adapted,gaussian_honeycomb,137,exact_cluster,v3-pilot-gaussian_honeycomb-exact-001,0.6625927281775081,0.03262349218130112,0.09456152468919754,0.12718501687049866,0.202315554022789,2.0221135388354128e-07,2.0221011709509185e-06,1.1581860470677441e-10,0.09008790386868666,6,not_applicable,nan,109.83862518332899
long_anchor,gaussian_honeycomb,137,exact_cluster,v3-pilot-gaussian_honeycomb-exact-001,0.14068533687507565,0.02428264170885086,0.03520850092172623,0.05949114263057709,0.3330000340938568,1.1348153863609197e-07,1.619192033786021e-07,1.1581860470677441e-10,0.09008790386868666,2,not_applicable,nan,0.8934158831834793
sc_narr_shell1,gaussian_honeycomb,137,exact_cluster,v3-pilot-gaussian_honeycomb-exact-001,0.050281655740353204,0.01184958964586258,0.013597436249256134,0.025447025895118713,0.26276084780693054,4.3313480357909384e-08,1.0082770529606933e-07,1.1581860470677441e-10,0.09008790386868666,9,not_applicable,nan,37.3839579988271
sc_narr,gaussian_honeycomb,137,exact_cluster,v3-pilot-gaussian_honeycomb-exact-001,0.04773807164484455,0.011357322335243225,0.01334470510482788,0.024702027440071106,0.2628834843635559,5.813413372912635e-08,1.0517910453700097e-07,1.1581860470677441e-10,0.09008790386868666,21,not_applicable,nan,53.129500010982156
sc_hybrid25,gaussian_honeycomb,137,exact_cluster,v3-pilot-gaussian_honeycomb-exact-001,0.04682401498473812,0.011121317744255066,0.013172931969165802,0.024294249713420868,0.2629627585411072,6.49234235261531e-08,1.70177330005572e-07,1.1581860470677441e-10,0.09008790386868666,25,not_applicable,nan,61.65391695685685
sc_narr,gaussian_honeycomb,137,near_cluster,v3-pilot-gaussian_honeycomb-near-000,0.09503791370100763,0.034777455031871796,0.042898472398519516,0.07767592370510101,0.39043912291526794,9.35991411044057e-08,9.44968860494555e-07,0.004245626419986992,0.23974813148238117,21,not_applicable,nan,53.682083962485194
sc_hybrid25,gaussian_honeycomb,137,near_cluster,v3-pilot-gaussian_honeycomb-near-000,0.09311000324296616,0.0338902622461319,0.042285773903131485,0.07617603242397308,0.39071187376976013,6.824345277767208e-08,7.465796443284489e-07,0.004245626419986992,0.23974813148238117,25,not_applicable,nan,68.15720908343792
sr_routed25,gaussian_honeycomb,137,near_cluster,v3-pilot-gaussian_honeycomb-near-000,0.09311000324296616,0.0338902622461319,0.042285773903131485,0.07617603242397308,0.39071187376976013,6.824345277767208e-08,7.465796443284489e-07,0.004245626419986992,0.23974813148238117,25,hybrid,0.9080634713172913,72.32366711832583
fourier_shell2,gaussian_honeycomb,137,near_cluster,v3-pilot-gaussian_honeycomb-near-000,0.18192932398444348,0.07716543227434158,0.07556699216365814,0.15273243188858032,0.40816041827201843,2.128719078786645e-07,1.0018183274951298e-05,0.004245626419986992,0.23974813148238117,19,not_applicable,nan,18.87162495404482
kinetic_fourier21,gaussian_honeycomb,137,near_cluster,v3-pilot-gaussian_honeycomb-near-000,0.15924796864843735,0.0683547705411911,0.06922946125268936,0.13758423924446106,0.4157339632511139,7.424058501293018e-08,2.448216264383518e-06,0.004245626419986992,0.23974813148238117,21,not_applicable,nan,21.967583801597357
kinetic_fourier25,gaussian_honeycomb,137,near_cluster,v3-pilot-gaussian_honeycomb-near-000,0.13922128703791198,0.0625237450003624,0.05940999463200569,0.12193374335765839,0.41921597719192505,5.046709006251149e-08,5.652299819303153e-07,0.004245626419986992,0.23974813148238117,25,not_applicable,nan,29.400166124105453
fourier_shell3,gaussian_honeycomb,137,near_cluster,v3-pilot-gaussian_honeycomb-near-000,0.10301943764032688,0.04526973515748978,0.04460861161351204,0.08987835049629211,0.41232991218566895,6.936608132335209e-08,1.3038514907748322e-06,0.004245626419986992,0.23974813148238117,37,not_applicable,nan,84.46683315560222
wang_xie_adapted,gaussian_honeycomb,137,near_cluster,v3-pilot-gaussian_honeycomb-near-000,0.1740694013372616,0.03677982836961746,0.050268158316612244,0.0870479866862297,0.37479180097579956,8.72205453417152e-08,3.8984606476333283e-07,0.004245626419986992,0.23974813148238117,2,not_applicable,nan,0.8044580463320017
dai_adapted,gaussian_honeycomb,137,near_cluster,v3-pilot-gaussian_honeycomb-near-000,0.652766065451252,0.12029357254505157,0.23274703323841095,0.3530406057834625,0.30521532893180847,1.1820393019945641e-07,5.514603799383622e-06,0.004245626419986992,0.23974813148238117,6,not_applicable,nan,109.0373748447746
long_anchor,gaussian_honeycomb,137,near_cluster,v3-pilot-gaussian_honeycomb-near-000,0.14812989178052163,0.03936786577105522,0.05120057612657547,0.0905684381723404,0.370442658662796,4.627243654927058e-08,4.247388858402701e-07,0.004245626419986992,0.23974813148238117,2,not_applicable,nan,0.9439170826226473
sc_narr_shell1,gaussian_honeycomb,137,near_cluster,v3-pilot-gaussian_honeycomb-near-000,0.10173673764279342,0.03721652925014496,0.04424547776579857,0.08146201074123383,0.38991600275039673,7.995646722491756e-08,8.269917657344195e-07,0.004245626419986992,0.23974813148238117,9,not_applicable,nan,37.429583026096225
sc_hybrid25,gaussian_honeycomb,137,near_cluster,v3-pilot-gaussian_honeycomb-near-001,0.05896391236512749,0.016330866143107414,0.017769500613212585,0.03410036861896515,0.2670770585536957,6.717799472255592e-08,7.187817345766234e-07,0.002843535571306781,0.1521728151730666,25,not_applicable,nan,60.574958100914955
sr_routed25,gaussian_honeycomb,137,near_cluster,v3-pilot-gaussian_honeycomb-near-001,0.05896391236512749,0.016330866143107414,0.017769500613212585,0.03410036861896515,0.2670770585536957,6.717799472255592e-08,7.187817345766234e-07,0.002843535571306781,0.1521728151730666,25,hybrid,0.9081848859786987,69.57854190841317
fourier_shell2,gaussian_honeycomb,137,near_cluster,v3-pilot-gaussian_honeycomb-near-001,0.11923525304698514,0.0346844457089901,0.03851095959544182,0.07319540530443192,0.293989360332489,4.68768122097174e-08,2.855818479474692e-07,0.002843535571306781,0.1521728151730666,19,not_applicable,nan,18.016583053395152
kinetic_fourier21,gaussian_honeycomb,137,near_cluster,v3-pilot-gaussian_honeycomb-near-001,0.10323261507266267,0.03249059244990349,0.032719820737838745,0.06521041691303253,0.29671710729599,1.423636759589897e-07,2.2272810440426838e-07,0.002843535571306781,0.1521728151730666,21,not_applicable,nan,21.56866597943008
kinetic_fourier25,gaussian_honeycomb,137,near_cluster,v3-pilot-gaussian_honeycomb-near-001,0.08979610249477632,0.029433995485305786,0.02779141440987587,0.057225409895181656,0.2962610721588135,1.212681479678679e-07,3.854257499824598e-07,0.002843535571306781,0.1521728151730666,25,not_applicable,nan,29.14508292451501
fourier_shell3,gaussian_honeycomb,137,near_cluster,v3-pilot-gaussian_honeycomb-near-001,0.06564451818584334,0.02026338130235672,0.02087077870965004,0.04113416001200676,0.2856327295303345,4.931962682697133e-08,1.0079824050990283e-06,0.002843535571306781,0.1521728151730666,37,not_applicable,nan,61.36270798742771
wang_xie_adapted,gaussian_honeycomb,137,near_cluster,v3-pilot-gaussian_honeycomb-near-001,0.10478424412139115,0.018220532685518265,0.019052132964134216,0.03727266564965248,0.26235929131507874,5.787190016093291e-08,2.6518313234191737e-07,0.002843535571306781,0.1521728151730666,2,not_applicable,nan,0.8059579413384199
dai_adapted,gaussian_honeycomb,137,near_cluster,v3-pilot-gaussian_honeycomb-near-001,0.5950926962670149,0.06341436505317688,0.1462704837322235,0.2096848487854004,0.24660223722457886,1.0013377149675762e-07,4.809387519344455e-06,0.002843535571306781,0.1521728151730666,6,not_applicable,nan,119.71041606739163
long_anchor,gaussian_honeycomb,137,near_cluster,v3-pilot-gaussian_honeycomb-near-001,0.09212228436191174,0.01857699640095234,0.021344199776649475,0.039921194314956665,0.26070043444633484,9.006652557097539e-08,3.381773012733902e-07,0.002843535571306781,0.1521728151730666,2,not_applicable,nan,0.9601661004126072
sc_narr_shell1,gaussian_honeycomb,137,near_cluster,v3-pilot-gaussian_honeycomb-near-001,0.0636582016515884,0.017329365015029907,0.018974050879478455,0.03630341589450836,0.26747965812683105,6.60759649218079e-08,8.28439681299642e-07,0.002843535571306781,0.1521728151730666,9,not_applicable,nan,37.984499940648675
sc_narr,gaussian_honeycomb,137,near_cluster,v3-pilot-gaussian_honeycomb-near-001,0.06016553246608405,0.016628379002213478,0.01812826097011566,0.03475663810968399,0.26723551750183105,3.80170948055536e-08,7.743909691271256e-07,0.002843535571306781,0.1521728151730666,21,not_applicable,nan,53.34716709330678
sr_routed25,gaussian_honeycomb,137,near_cluster,v3-pilot-gaussian_honeycomb-near-002,0.01690328211774721,0.002122849225997925,0.0018114447593688965,0.003934293985366821,0.10601849853992462,5.343898967780092e-08,5.178053186227771e-08,0.0036312841071918234,0.035012599271445066,25,hybrid,0.9466701149940491,68.93033301457763
fourier_shell2,gaussian_honeycomb,137,near_cluster,v3-pilot-gaussian_honeycomb-near-002,0.03166600676439489,0.003642067313194275,0.003957882523536682,0.007599949836730957,0.11725886911153793,4.301083156299512e-08,9.103324316583894e-08,0.0036312841071918234,0.035012599271445066,19,not_applicable,nan,17.702624900266528
kinetic_fourier21,gaussian_honeycomb,137,near_cluster,v3-pilot-gaussian_honeycomb-near-002,0.027394407727539614,0.0034291595220565796,0.0034314095973968506,0.00686056911945343,0.11710263788700104,9.226908781467813e-08,3.0964599773142254e-08,0.0036312841071918234,0.035012599271445066,21,not_applicable,nan,21.344542037695646
kinetic_fourier25,gaussian_honeycomb,137,near_cluster,v3-pilot-gaussian_honeycomb-near-002,0.024111074543320978,0.003139674663543701,0.0029739737510681152,0.006113648414611816,0.1160716861486435,9.30289250078431e-08,4.723339230849888e-08,0.0036312841071918234,0.035012599271445066,25,not_applicable,nan,29.41754087805748
fourier_shell3,gaussian_honeycomb,137,near_cluster,v3-pilot-gaussian_honeycomb-near-002,0.018351189027121476,0.002275824546813965,0.002335652709007263,0.004611477255821228,0.11172991991043091,3.411246463080886e-08,7.554741188187108e-08,0.0036312841071918234,0.035012599271445066,37,not_applicable,nan,61.20508396998048
wang_xie_adapted,gaussian_honeycomb,137,near_cluster,v3-pilot-gaussian_honeycomb-near-002,0.10234616160942478,0.007022738456726074,0.008238255977630615,0.01526099443435669,0.13742661476135254,1.0235781999767823e-07,6.5702288054581e-08,0.0036312841071918234,0.035012599271445066,2,not_applicable,nan,0.9682918898761272
dai_adapted,gaussian_honeycomb,137,near_cluster,v3-pilot-gaussian_honeycomb-near-002,0.41354822380772943,0.015424162149429321,0.054152220487594604,0.06957638263702393,0.15056398510932922,2.1679044759359556e-07,1.577300054123043e-06,0.0036312841071918234,0.035012599271445066,6,not_applicable,nan,116.05020822025836
long_anchor,gaussian_honeycomb,137,near_cluster,v3-pilot-gaussian_honeycomb-near-002,0.08854445633385583,0.007063969969749451,0.010460436344146729,0.01752440631389618,0.13934223353862762,3.644900647969962e-08,4.364411410051616e-08,0.0036312841071918234,0.035012599271445066,2,not_applicable,nan,1.285624923184514
sc_narr_shell1,gaussian_honeycomb,137,near_cluster,v3-pilot-gaussian_honeycomb-near-002,0.019112496806725054,0.002272278070449829,0.0020100176334381104,0.0042822957038879395,0.10682124644517899,1.335904189492254e-07,4.7946016934474756e-08,0.0036312841071918234,0.035012599271445066,9,not_applicable,nan,37.30320907197893
sc_narr,gaussian_honeycomb,137,near_cluster,v3-pilot-gaussian_honeycomb-near-002,0.01724332240113058,0.0021415501832962036,0.0018582791090011597,0.003999829292297363,0.10622899979352951,3.792269476221577e-08,5.8194366658881336e-08,0.0036312841071918234,0.035012599271445066,21,not_applicable,nan,52.91808396577835
sc_hybrid25,gaussian_honeycomb,137,near_cluster,v3-pilot-gaussian_honeycomb-near-002,0.01690328211774721,0.002122849225997925,0.0018114447593688965,0.003934293985366821,0.10601849853992462,5.343898967780092e-08,5.178053186227771e-08,0.0036312841071918234,0.035012599271445066,25,not_applicable,nan,61.35283410549164
sc_narr_shell1,gaussian_honeycomb,137,strict_ood,v3-pilot-gaussian_honeycomb-ood-000,0.10581950972572962,0.0396447516977787,0.034490473568439484,0.07413522899150848,0.3985101282596588,3.1587923943199314e-08,9.41140285704023e-07,0.0615945881183697,0.16538686457228097,9,not_applicable,nan,37.29429095983505
sc_narr,gaussian_honeycomb,137,strict_ood,v3-pilot-gaussian_honeycomb-ood-000,0.0969686557088155,0.037243202328681946,0.033342231065034866,0.07058542966842651,0.40019717812538147,8.214475366585816e-08,8.96224833013548e-07,0.0615945881183697,0.16538686457228097,21,not_applicable,nan,52.70995805040002
sc_hybrid25,gaussian_honeycomb,137,strict_ood,v3-pilot-gaussian_honeycomb-ood-000,0.09538260105611225,0.036729902029037476,0.03279140591621399,0.06952130794525146,0.40075525641441345,3.235921830491151e-08,9.646786338635138e-07,0.0615945881183697,0.16538686457228097,25,not_applicable,nan,60.84112520329654
sr_routed25,gaussian_honeycomb,137,strict_ood,v3-pilot-gaussian_honeycomb-ood-000,0.09538260105611225,0.036729902029037476,0.03279140591621399,0.06952130794525146,0.40075525641441345,3.235921830491151e-08,9.646786338635138e-07,0.0615945881183697,0.16538686457228097,25,hybrid,0.9383530616760254,68.81962483748794
fourier_shell2,gaussian_honeycomb,137,strict_ood,v3-pilot-gaussian_honeycomb-ood-000,0.17510604578923805,0.06513706594705582,0.054916296154260635,0.12005336582660675,0.39197221398353577,3.867792464085085e-08,3.506622476834309e-07,0.0615945881183697,0.16538686457228097,19,not_applicable,nan,17.81816710717976
kinetic_fourier21,gaussian_honeycomb,137,strict_ood,v3-pilot-gaussian_honeycomb-ood-000,0.15590184937501786,0.05978911370038986,0.051404476165771484,0.11119358986616135,0.40072908997535706,1.5671047881582467e-07,2.8266455842640426e-07,0.0615945881183697,0.16538686457228097,21,not_applicable,nan,21.20779105462134
kinetic_fourier25,gaussian_honeycomb,137,strict_ood,v3-pilot-gaussian_honeycomb-ood-000,0.13714728857239825,0.05530380457639694,0.04543532431125641,0.10073912888765335,0.4080356955528259,1.3157142486619477e-07,2.651148065524467e-07,0.0615945881183697,0.16538686457228097,25,not_applicable,nan,29.03683390468359
fourier_shell3,gaussian_honeycomb,137,strict_ood,v3-pilot-gaussian_honeycomb-ood-000,0.10657555262524712,0.043626897037029266,0.03585626184940338,0.07948315888643265,0.41219431161880493,1.0467608180242394e-07,8.623599683232896e-07,0.0615945881183697,0.16538686457228097,37,not_applicable,nan,59.538875008001924
wang_xie_adapted,gaussian_honeycomb,137,strict_ood,v3-pilot-gaussian_honeycomb-ood-000,0.2463663781571386,0.06678907573223114,0.04846194013953209,0.11525101959705353,0.44948333501815796,1.1117064502297325e-07,4.5287180228115176e-07,0.0615945881183697,0.16538686457228097,2,not_applicable,nan,0.8072080090641975
dai_adapted,gaussian_honeycomb,137,strict_ood,v3-pilot-gaussian_honeycomb-ood-000,0.6360077038495663,0.13003185391426086,0.16202165186405182,0.2920535206794739,0.297249972820282,1.0196531441408752e-07,1.8066804159388994e-06,0.0615945881183697,0.16538686457228097,6,not_applicable,nan,112.18829196877778
long_anchor,gaussian_honeycomb,137,strict_ood,v3-pilot-gaussian_honeycomb-ood-000,0.22338305177181053,0.0569879449903965,0.04829968139529228,0.10528762638568878,0.44040700793266296,7.140168523100954e-08,7.177864063123707e-07,0.0615945881183697,0.16538686457228097,2,not_applicable,nan,0.8904170244932175
sc_narr,gaussian_honeycomb,137,strict_ood,v3-pilot-gaussian_honeycomb-ood-001,0.01584951532571527,0.001052960753440857,0.001147627830505371,0.002200588583946228,0.05922671779990196,5.0445529864440175e-08,8.562101783127218e-08,0.03904797696890873,0.05987454894637591,21,not_applicable,nan,52.37041600048542
sc_hybrid25,gaussian_honeycomb,137,strict_ood,v3-pilot-gaussian_honeycomb-ood-001,0.015445924674759618,0.0010320097208023071,0.0011212155222892761,0.0021532252430915833,0.058992497622966766,9.107321941037583e-08,7.363707510421591e-08,0.03904797696890873,0.05987454894637591,25,not_applicable,nan,60.89349999092519
sr_routed25,gaussian_honeycomb,137,strict_ood,v3-pilot-gaussian_honeycomb-ood-001,0.015445924674759618,0.0010320097208023071,0.0011212155222892761,0.0021532252430915833,0.058992497622966766,9.107321941037583e-08,7.363707510421591e-08,0.03904797696890873,0.05987454894637591,25,hybrid,0.8308379054069519,67.89158401079476
fourier_shell2,gaussian_honeycomb,137,strict_ood,v3-pilot-gaussian_honeycomb-ood-001,0.036105450174106365,0.003395065665245056,0.0028377175331115723,0.006232783198356628,0.08102864027023315,1.4135857751007563e-07,5.950149883915401e-08,0.03904797696890873,0.05987454894637591,19,not_applicable,nan,17.39991712383926
kinetic_fourier21,gaussian_honeycomb,137,strict_ood,v3-pilot-gaussian_honeycomb-ood-001,0.02797345173198378,0.0025205686688423157,0.00243493914604187,0.004955507814884186,0.07840482890605927,1.1899134833015523e-07,8.036101917241467e-08,0.03904797696890873,0.05987454894637591,21,not_applicable,nan,21.823250222951174
kinetic_fourier25,gaussian_honeycomb,137,strict_ood,v3-pilot-gaussian_honeycomb-ood-001,0.022695197873899318,0.002094477415084839,0.0018670111894607544,0.003961488604545593,0.07470298558473587,5.0831337250478725e-08,8.260149542138606e-08,0.03904797696890873,0.05987454894637591,25,not_applicable,nan,30.14812502078712
fourier_shell3,gaussian_honeycomb,137,strict_ood,v3-pilot-gaussian_honeycomb-ood-001,0.015254836716864579,0.0012318342924118042,0.0010803192853927612,0.0023121535778045654,0.06365356594324112,6.954082709675902e-08,1.308095676222365e-07,0.03904797696890873,0.05987454894637591,37,not_applicable,nan,61.074707889929414
wang_xie_adapted,gaussian_honeycomb,137,strict_ood,v3-pilot-gaussian_honeycomb-ood-001,0.2930800700384814,0.010297887027263641,0.008859440684318542,0.019157327711582184,0.07932721823453903,3.009969251621669e-08,8.029298470546564e-08,0.03904797696890873,0.05987454894637591,2,not_applicable,nan,0.8106250315904617
dai_adapted,gaussian_honeycomb,137,strict_ood,v3-pilot-gaussian_honeycomb-ood-001,0.3040682922254912,0.025833532214164734,0.016604512929916382,0.042438045144081116,0.10695105791091919,1.432714300531046e-07,1.163156866823556e-06,0.03904797696890873,0.05987454894637591,6,not_applicable,nan,107.74770798161626
long_anchor,gaussian_honeycomb,137,strict_ood,v3-pilot-gaussian_honeycomb-ood-001,0.3336384106497648,0.012086980044841766,0.01257583498954773,0.024662815034389496,0.08068354427814484,3.9120414907500844e-08,1.1008442868387647e-07,0.03904797696890873,0.05987454894637591,2,not_applicable,nan,0.9164591319859028
sc_narr_shell1,gaussian_honeycomb,137,strict_ood,v3-pilot-gaussian_honeycomb-ood-001,0.022928756919703093,0.001452617347240448,0.0014900267124176025,0.0029426440596580505,0.061877697706222534,6.945378394629387e-08,1.1414736889037158e-07,0.03904797696890873,0.05987454894637591,9,not_applicable,nan,37.09412505850196
sc_hybrid25,gaussian_honeycomb,137,strict_ood,v3-pilot-gaussian_honeycomb-ood-002,0.06544251271643677,0.017492052167654037,0.01767457276582718,0.035166624933481216,0.2671455442905426,1.598907874988953e-07,2.117859821737511e-06,0.03808685056606133,0.16455670921104515,25,not_applicable,nan,60.592709109187126
sr_routed25,gaussian_honeycomb,137,strict_ood,v3-pilot-gaussian_honeycomb-ood-002,0.06544251271643677,0.017492052167654037,0.01767457276582718,0.035166624933481216,0.2671455442905426,1.598907874988953e-07,2.117859821737511e-06,0.03808685056606133,0.16455670921104515,25,hybrid,0.9027104377746582,68.18258296698332
fourier_shell2,gaussian_honeycomb,137,strict_ood,v3-pilot-gaussian_honeycomb-ood-002,0.13824013212308378,0.03670281171798706,0.03919937461614609,0.07590218633413315,0.29421791434288025,1.9697942854612904e-07,4.57047605095795e-07,0.03808685056606133,0.16455670921104515,19,not_applicable,nan,17.929875059053302
kinetic_fourier21,gaussian_honeycomb,137,strict_ood,v3-pilot-gaussian_honeycomb-ood-002,0.12070662460392262,0.03364396467804909,0.034613508731126785,0.06825747340917587,0.29700180888175964,1.1627862162022495e-07,2.4807960130601714e-07,0.03808685056606133,0.16455670921104515,21,not_applicable,nan,21.16062492132187
kinetic_fourier25,gaussian_honeycomb,137,strict_ood,v3-pilot-gaussian_honeycomb-ood-002,0.10209621853378308,0.030400238931179047,0.028950653970241547,0.05935089290142059,0.2975187301635742,5.561911542439901e-08,5.29468138665834e-07,0.03808685056606133,0.16455670921104515,25,not_applicable,nan,29.018540866672993
fourier_shell3,gaussian_honeycomb,137,strict_ood,v3-pilot-gaussian_honeycomb-ood-002,0.07383921928526663,0.020778607577085495,0.021470893174409866,0.04224950075149536,0.28658512234687805,6.652470396772969e-08,1.2235966551088495e-06,0.03808685056606133,0.16455670921104515,37,not_applicable,nan,60.21854211576283
wang_xie_adapted,gaussian_honeycomb,137,strict_ood,v3-pilot-gaussian_honeycomb-ood-002,0.17790617945028958,0.020345395430922508,0.029055386781692505,0.04940078407526016,0.2675356864929199,7.239758537114227e-08,3.5882237625628477e-07,0.03808685056606133,0.16455670921104515,2,not_applicable,nan,0.79391710460186
dai_adapted,gaussian_honeycomb,137,strict_ood,v3-pilot-gaussian_honeycomb-ood-002,0.5621820008707954,0.07956363260746002,0.15227532386779785,0.23183895647525787,0.2663343846797943,9.808387924081785e-08,6.56459633319173e-06,0.03808685056606133,0.16455670921104515,6,not_applicable,nan,108.20470913313329
long_anchor,gaussian_honeycomb,137,strict_ood,v3-pilot-gaussian_honeycomb-ood-002,0.21907535983617646,0.021219627931714058,0.037206169217824936,0.05842579901218414,0.2644304633140564,1.456458533777294e-07,5.709451897928375e-07,0.03808685056606133,0.16455670921104515,2,not_applicable,nan,0.8950422052294016
sc_narr_shell1,gaussian_honeycomb,137,strict_ood,v3-pilot-gaussian_honeycomb-ood-002,0.07365496850718063,0.019307708367705345,0.01914476603269577,0.038452476263046265,0.26745790243148804,8.446056187771944e-08,5.987836289023107e-07,0.03808685056606133,0.16455670921104515,9,not_applicable,nan,38.212875137105584
sc_narr,gaussian_honeycomb,137,strict_ood,v3-pilot-gaussian_honeycomb-ood-002,0.06710868988243215,0.017812957987189293,0.0181921124458313,0.03600507229566574,0.2674581706523895,1.5594249269668126e-07,9.804413139136159e-07,0.03808685056606133,0.16455670921104515,21,not_applicable,nan,53.313625045120716
sc_narr,gaussian_honeycomb,137,gap_scan,v3-pilot-gaussian_honeycomb-gap-000,0.061238849910829944,0.015819068998098373,0.01930924318730831,0.035128310322761536,0.2580117881298065,9.421656699259984e-08,3.550337623892119e-06,0.011065496944497693,0.16953390052858983,21,not_applicable,nan,53.08066704310477
sc_hybrid25,gaussian_honeycomb,137,gap_scan,v3-pilot-gaussian_honeycomb-gap-000,0.060149928710238325,0.015446940436959267,0.019096866250038147,0.034543804824352264,0.2578813135623932,1.653981303029184e-07,2.2558344880962977e-06,0.011065496944497693,0.16953390052858983,25,not_applicable,nan,60.71283295750618
sr_routed25,gaussian_honeycomb,137,gap_scan,v3-pilot-gaussian_honeycomb-gap-000,0.060149928710238325,0.015446940436959267,0.019096866250038147,0.034543804824352264,0.2578813135623932,1.653981303029184e-07,2.2558344880962977e-06,0.011065496944497693,0.16953390052858983,25,hybrid,0.888590931892395,68.11629189178348
fourier_shell2,gaussian_honeycomb,137,gap_scan,v3-pilot-gaussian_honeycomb-gap-000,0.12682529835577108,0.041560858488082886,0.03867466747760773,0.08023552596569061,0.29460278153419495,7.190211293028881e-08,3.6442742157305474e-07,0.011065496944497693,0.16953390052858983,19,not_applicable,nan,17.48987496830523
kinetic_fourier21,gaussian_honeycomb,137,gap_scan,v3-pilot-gaussian_honeycomb-gap-000,0.10787642515557871,0.034458160400390625,0.03550531715154648,0.0699634775519371,0.29668128490448,1.033169683140045e-07,6.441384243771608e-07,0.011065496944497693,0.16953390052858983,21,not_applicable,nan,21.07308292761445
kinetic_fourier25,gaussian_honeycomb,137,gap_scan,v3-pilot-gaussian_honeycomb-gap-000,0.09258651115148088,0.03067999891936779,0.02967759594321251,0.06035759299993515,0.2947050631046295,1.0638048086875074e-07,4.2559773305583803e-07,0.011065496944497693,0.16953390052858983,25,not_applicable,nan,28.910124907270074
fourier_shell3,gaussian_honeycomb,137,gap_scan,v3-pilot-gaussian_honeycomb-gap-000,0.06661426374990033,0.021036777645349503,0.020959027111530304,0.041995804756879807,0.2791081964969635,8.465164724746899e-08,2.570782953625894e-06,0.011065496944497693,0.16953390052858983,37,not_applicable,nan,61.090208822861314
wang_xie_adapted,gaussian_honeycomb,137,gap_scan,v3-pilot-gaussian_honeycomb-gap-000,0.14474212487363855,0.018983229994773865,0.02504052221775055,0.044023752212524414,0.24342268705368042,9.887411234199561e-08,1.3843017541148583e-06,0.011065496944497693,0.16953390052858983,2,not_applicable,nan,0.8082080166786909
dai_adapted,gaussian_honeycomb,137,gap_scan,v3-pilot-gaussian_honeycomb-gap-000,0.5737698564061596,0.08153729140758514,0.15599283576011658,0.23753012716770172,0.2580023407936096,1.2942867400056457e-07,6.052167464076774e-06,0.011065496944497693,0.16953390052858983,6,not_applicable,nan,108.39654202573001
long_anchor,gaussian_honeycomb,137,gap_scan,v3-pilot-gaussian_honeycomb-gap-000,0.1336973720990281,0.019804377108812332,0.027942996472120285,0.04774737358093262,0.24232418835163116,1.7596699986022202e-07,6.81085850828822e-07,0.011065496944497693,0.16953390052858983,2,not_applicable,nan,0.9162088390439749
sc_narr_shell1,gaussian_honeycomb,137,gap_scan,v3-pilot-gaussian_honeycomb-gap-000,0.06620991302981123,0.016544565558433533,0.02050313726067543,0.03704770281910896,0.25848087668418884,7.973587679011018e-08,2.749823124759132e-06,0.011065496944497693,0.16953390052858983,9,not_applicable,nan,37.20208304002881
sc_hybrid25,gaussian_honeycomb,137,gap_scan,v3-pilot-gaussian_honeycomb-gap-001,0.011145785696865551,0.0006803795695304871,0.0006109029054641724,0.0012912824749946594,0.05958273261785507,1.1714596914735864e-07,8.130887607649129e-08,0.04288405987401406,0.044633216371601975,25,not_applicable,nan,60.81054103560746
sr_routed25,gaussian_honeycomb,137,gap_scan,v3-pilot-gaussian_honeycomb-gap-001,0.011145785696865551,0.0006803795695304871,0.0006109029054641724,0.0012912824749946594,0.05958273261785507,1.1714596914735864e-07,8.130887607649129e-08,0.04288405987401406,0.044633216371601975,25,hybrid,0.9426866769790649,69.0443329513073
fourier_shell2,gaussian_honeycomb,137,gap_scan,v3-pilot-gaussian_honeycomb-gap-001,0.02106037898339175,0.0013834312558174133,0.001228630542755127,0.0026120617985725403,0.06751493364572525,2.8094795156974328e-08,2.125152676057951e-08,0.04288405987401406,0.044633216371601975,19,not_applicable,nan,17.743082949891686
kinetic_fourier21,gaussian_honeycomb,137,gap_scan,v3-pilot-gaussian_honeycomb-gap-001,0.017936159996520814,0.001171901822090149,0.0010861456394195557,0.0022580474615097046,0.0670853778719902,3.2196423305208555e-08,5.026691596299315e-08,0.04288405987401406,0.044633216371601975,21,not_applicable,nan,21.21266582980752
kinetic_fourier25,gaussian_honeycomb,137,gap_scan,v3-pilot-gaussian_honeycomb-gap-001,0.015583515485106685,0.0010547861456871033,0.0009517520666122437,0.002006538212299347,0.06624932587146759,1.1608405814378386e-07,3.4888813615907566e-08,0.04288405987401406,0.044633216371601975,25,not_applicable,nan,28.956166934221983
fourier_shell3,gaussian_honeycomb,137,gap_scan,v3-pilot-gaussian_honeycomb-gap-001,0.011954183358088089,0.0007909312844276428,0.0007196366786956787,0.0015105679631233215,0.06313946098089218,1.284010868740637e-07,4.690441102184195e-08,0.04288405987401406,0.044633216371601975,37,not_applicable,nan,61.1949588637799
wang_xie_adapted,gaussian_honeycomb,137,gap_scan,v3-pilot-gaussian_honeycomb-gap-001,0.5411854762762109,0.02120998501777649,0.02655676007270813,0.04776674509048462,0.10275977849960327,2.0315498350242933e-07,4.029334732535972e-08,0.04288405987401406,0.044633216371601975,2,not_applicable,nan,0.8006251882761717
dai_adapted,gaussian_honeycomb,137,gap_scan,v3-pilot-gaussian_honeycomb-gap-001,0.7096072680707034,0.06260307133197784,0.04450042545795441,0.10710349678993225,0.11858601123094559,8.389654060358964e-08,2.6853301733353874e-06,0.04288405987401406,0.044633216371601975,6,not_applicable,nan,110.42554210871458
long_anchor,gaussian_honeycomb,137,gap_scan,v3-pilot-gaussian_honeycomb-gap-001,0.5072051788130207,0.01984889805316925,0.025167986750602722,0.04501688480377197,0.10608216375112534,9.765876807232843e-08,9.65869091373861e-08,0.04288405987401406,0.044633216371601975,2,not_applicable,nan,0.888667069375515
sc_narr_shell1,gaussian_honeycomb,137,gap_scan,v3-pilot-gaussian_honeycomb-gap-001,0.014085706572279772,0.0007860809564590454,0.0007296353578567505,0.001515716314315796,0.06049086153507233,1.2461587117762463e-07,4.3818438655307546e-08,0.04288405987401406,0.044633216371601975,9,not_applicable,nan,37.311833119019866
sc_narr,gaussian_honeycomb,137,gap_scan,v3-pilot-gaussian_honeycomb-gap-001,0.01129663577944016,0.0006880983710289001,0.0006165504455566406,0.0013046488165855408,0.05964359641075134,3.761453437611806e-08,6.208419023323586e-08,0.04288405987401406,0.044633216371601975,21,not_applicable,nan,52.80745797790587
sr_routed25,gaussian_honeycomb,251,iid_hidden,v3-pilot-gaussian_honeycomb-iid-000,0.013366038861131241,0.0010212361812591553,0.0007975399494171143,0.0018187761306762695,0.06320002675056458,1.0665365612894107e-07,8.260874295729081e-08,0.01104190155921822,0.03231251183714623,25,hybrid,0.9101096391677856,69.72362496890128
fourier_shell2,gaussian_honeycomb,251,iid_hidden,v3-pilot-gaussian_honeycomb-iid-000,0.02855159619659297,0.002096012234687805,0.0019425153732299805,0.004038527607917786,0.07580600678920746,7.102940202674546e-08,8.206357904327888e-08,0.01104190155921822,0.03231251183714623,19,not_applicable,nan,17.68291718326509
kinetic_fourier21,gaussian_honeycomb,251,iid_hidden,v3-pilot-gaussian_honeycomb-iid-000,0.023674118599144766,0.0018449574708938599,0.00164872407913208,0.00349368155002594,0.07486701011657715,1.0907023573203389e-07,2.7775778121963413e-08,0.01104190155921822,0.03231251183714623,21,not_applicable,nan,20.933124935254455
kinetic_fourier25,gaussian_honeycomb,251,iid_hidden,v3-pilot-gaussian_honeycomb-iid-000,0.020123876041287563,0.0016400963068008423,0.0013550817966461182,0.0029951781034469604,0.07310222834348679,9.658338107065845e-08,5.5655647202002e-08,0.01104190155921822,0.03231251183714623,25,not_applicable,nan,28.868666850030422
fourier_shell3,gaussian_honeycomb,251,iid_hidden,v3-pilot-gaussian_honeycomb-iid-000,0.0145597628024878,0.0010751783847808838,0.0009675025939941406,0.0020426809787750244,0.06722908467054367,1.0143208184487662e-07,8.45905034907446e-08,0.01104190155921822,0.03231251183714623,37,not_applicable,nan,60.471500037238
wang_xie_adapted,gaussian_honeycomb,251,iid_hidden,v3-pilot-gaussian_honeycomb-iid-000,0.21364583278857532,0.00362473726272583,0.005828440189361572,0.009453177452087402,0.07852483540773392,5.837119221308029e-08,3.106158885657351e-08,0.01104190155921822,0.03231251183714623,2,not_applicable,nan,0.8184998296201229
dai_adapted,gaussian_honeycomb,251,iid_hidden,v3-pilot-gaussian_honeycomb-iid-000,0.6738061490905567,0.0137406587600708,0.05322539806365967,0.06696605682373047,0.13833458721637726,1.502672786202197e-08,3.252693932154216e-05,0.01104190155921822,0.03231251183714623,6,not_applicable,nan,107.94358397834003
long_anchor,gaussian_honeycomb,251,iid_hidden,v3-pilot-gaussian_honeycomb-iid-000,0.2248782450468093,0.005238771438598633,0.007723644375801086,0.01296241581439972,0.09171351045370102,2.046144660372562e-07,1.3098537010591826e-07,0.01104190155921822,0.03231251183714623,2,not_applicable,nan,0.9272908791899681
sc_narr_shell1,gaussian_honeycomb,251,iid_hidden,v3-pilot-gaussian_honeycomb-iid-000,0.016114579511655434,0.0011318176984786987,0.0009303689002990723,0.002062186598777771,0.06412939727306366,1.4818048610365508e-07,3.5838027656609484e-08,0.01104190155921822,0.03231251183714623,9,not_applicable,nan,37.17825002968311
sc_narr,gaussian_honeycomb,251,iid_hidden,v3-pilot-gaussian_honeycomb-iid-000,0.013611207932559908,0.0010396689176559448,0.0008073151111602783,0.0018469840288162231,0.06332913041114807,1.333663464109236e-07,4.0950940416450976e-08,0.01104190155921822,0.03231251183714623,21,not_applicable,nan,52.58050002157688
sc_hybrid25,gaussian_honeycomb,251,iid_hidden,v3-pilot-gaussian_honeycomb-iid-000,0.013366038861131241,0.0010212361812591553,0.0007975399494171143,0.0018187761306762695,0.06320002675056458,1.0665365612894107e-07,8.260874295729081e-08,0.01104190155921822,0.03231251183714623,25,not_applicable,nan,60.76962500810623
fourier_shell2,gaussian_honeycomb,251,iid_hidden,v3-pilot-gaussian_honeycomb-iid-001,0.187019193279091,0.07953247427940369,0.08975867927074432,0.169291153550148,0.40277618169784546,9.491127750393957e-08,3.6947864145986387e-07,0.013562781966745763,0.30289332355814963,19,not_applicable,nan,17.996707931160927
kinetic_fourier21,gaussian_honeycomb,251,iid_hidden,v3-pilot-gaussian_honeycomb-iid-001,0.1606597766075692,0.07358051836490631,0.07395119220018387,0.14753171801567078,0.4055880010128021,1.4009056548136556e-07,3.190245649875578e-07,0.013562781966745763,0.30289332355814963,21,not_applicable,nan,21.158416057005525
kinetic_fourier25,gaussian_honeycomb,251,iid_hidden,v3-pilot-gaussian_honeycomb-iid-001,0.13632315563156244,0.06468383967876434,0.06078450381755829,0.12546834349632263,0.4028662145137787,1.3193495274066436e-07,3.538519024459674e-07,0.013562781966745763,0.30289332355814963,25,not_applicable,nan,29.859208967536688
fourier_shell3,gaussian_honeycomb,251,iid_hidden,v3-pilot-gaussian_honeycomb-iid-001,0.09476977897249159,0.041368961334228516,0.041963689029216766,0.08333265036344528,0.377898633480072,9.151872326640387e-08,2.988293772432371e-07,0.013562781966745763,0.30289332355814963,37,not_applicable,nan,59.95645793154836
wang_xie_adapted,gaussian_honeycomb,251,iid_hidden,v3-pilot-gaussian_honeycomb-iid-001,0.21817598446083358,0.03975577652454376,0.05084595829248428,0.09060173481702805,0.27335429191589355,1.393694974982651e-07,2.2276417155353556e-07,0.013562781966745763,0.30289332355814963,2,not_applicable,nan,0.860749976709485
dai_adapted,gaussian_honeycomb,251,iid_hidden,v3-pilot-gaussian_honeycomb-iid-001,0.5183074181521374,0.14772136509418488,0.2333737313747406,0.38109511137008667,0.3534250557422638,1.1588402792916952e-07,0.00014543751603923738,0.013562781966745763,0.30289332355814963,6,not_applicable,nan,107.77787514962256
long_anchor,gaussian_honeycomb,251,iid_hidden,v3-pilot-gaussian_honeycomb-iid-001,0.2391593388724581,0.059597134590148926,0.06766663491725922,0.12726376950740814,0.30753016471862793,4.519691920723545e-08,9.252365629208725e-08,0.013562781966745763,0.30289332355814963,2,not_applicable,nan,0.914042117074132
sc_narr_shell1,gaussian_honeycomb,251,iid_hidden,v3-pilot-gaussian_honeycomb-iid-001,0.0940867257190739,0.03440219163894653,0.03923322260379791,0.07363541424274445,0.3494356870651245,1.716965694065209e-07,2.1223698354333465e-07,0.013562781966745763,0.30289332355814963,9,not_applicable,nan,37.010416854172945
sc_narr,gaussian_honeycomb,251,iid_hidden,v3-pilot-gaussian_honeycomb-iid-001,0.08880506099773795,0.033639296889305115,0.0372297465801239,0.07086904346942902,0.3486405611038208,4.882012261120394e-08,6.496496780528105e-07,0.013562781966745763,0.30289332355814963,21,not_applicable,nan,52.64762486331165
sc_hybrid25,gaussian_honeycomb,251,iid_hidden,v3-pilot-gaussian_honeycomb-iid-001,0.08726328129317898,0.033162862062454224,0.03650782257318497,0.06967068463563919,0.34833526611328125,1.2138821758878038e-07,2.9109151000739075e-07,0.013562781966745763,0.30289332355814963,25,not_applicable,nan,60.714291874319315
sr_routed25,gaussian_honeycomb,251,iid_hidden,v3-pilot-gaussian_honeycomb-iid-001,0.08726328129317898,0.033162862062454224,0.03650782257318497,0.06967068463563919,0.34833526611328125,1.2138821758878038e-07,2.9109151000739075e-07,0.013562781966745763,0.30289332355814963,25,hybrid,0.8580533862113953,68.37845803238451
kinetic_fourier25,gaussian_honeycomb,251,exact_cluster,v3-pilot-gaussian_honeycomb-exact-000,0.05733291362618204,0.014384634792804718,0.014384716749191284,0.028769351541996002,0.22032590210437775,1.7917219685692487e-07,1.6641637046177493e-07,3.010577898088229e-13,0.1115971440676102,27,not_applicable,nan,33.33262517116964
fourier_shell3,gaussian_honeycomb,251,exact_cluster,v3-pilot-gaussian_honeycomb-exact-000,0.045433531752161686,0.010713212192058563,0.011148825287818909,0.021862037479877472,0.20959684252738953,1.518295513758261e-07,3.2669882443769893e-07,3.010577898088229e-13,0.1115971440676102,37,not_applicable,nan,79.71595786511898
wang_xie_adapted,gaussian_honeycomb,251,exact_cluster,v3-pilot-gaussian_honeycomb-exact-000,0.13312260563457542,0.007471445947885513,0.011266402900218964,0.018737848848104477,0.1696583330631256,1.0508516168350468e-07,1.1502955743480925e-07,3.010577898088229e-13,0.1115971440676102,2,not_applicable,nan,0.7894160225987434
dai_adapted,gaussian_honeycomb,251,exact_cluster,v3-pilot-gaussian_honeycomb-exact-000,0.5355397834746487,0.044076234102249146,0.09571701288223267,0.1397932469844818,0.2166065126657486,9.730808070429475e-08,1.1343717233103234e-05,3.010577898088229e-13,0.1115971440676102,6,not_applicable,nan,107.75529104284942
long_anchor,gaussian_honeycomb,251,exact_cluster,v3-pilot-gaussian_honeycomb-exact-000,0.06389647247445701,0.009181484580039978,0.012036837637424469,0.021218322217464447,0.19359996914863586,1.0648807779598205e-07,1.0445397435887571e-07,3.010577898088229e-13,0.1115971440676102,2,not_applicable,nan,0.9500409942120314
sc_narr_shell1,gaussian_honeycomb,251,exact_cluster,v3-pilot-gaussian_honeycomb-exact-000,0.04634524405718906,0.007805578410625458,0.011622533202171326,0.019428111612796783,0.19617867469787598,6.109941330656454e-08,7.031632520693165e-08,3.010577898088229e-13,0.1115971440676102,9,not_applicable,nan,38.60212513245642
sc_narr,gaussian_honeycomb,251,exact_cluster,v3-pilot-gaussian_honeycomb-exact-000,0.04221933047060767,0.007508378475904465,0.01106240600347519,0.018570784479379654,0.19557151198387146,7.037400173715014e-08,3.127911725187005e-07,3.010577898088229e-13,0.1115971440676102,21,not_applicable,nan,53.139499854296446
sc_hybrid25,gaussian_honeycomb,251,exact_cluster,v3-pilot-gaussian_honeycomb-exact-000,0.041598501634562364,0.007420390844345093,0.01091071218252182,0.018331103026866913,0.1953820139169693,1.3876775506460604e-07,1.1186017445652396e-07,3.010577898088229e-13,0.1115971440676102,25,not_applicable,nan,60.78295805491507
sr_routed25,gaussian_honeycomb,251,exact_cluster,v3-pilot-gaussian_honeycomb-exact-000,0.041598501634562364,0.007420390844345093,0.01091071218252182,0.018331103026866913,0.1953820139169693,1.3876775506460604e-07,1.1186017445652396e-07,3.010577898088229e-13,0.1115971440676102,25,hybrid,0.9034584164619446,68.02858412265778
fourier_shell2,gaussian_honeycomb,251,exact_cluster,v3-pilot-gaussian_honeycomb-exact-000,0.08514451914867255,0.019155696034431458,0.021846704185009003,0.04100240021944046,0.2233586460351944,2.676821819758146e-08,1.2952183681136376e-07,3.010577898088229e-13,0.1115971440676102,19,not_applicable,nan,17.527250107377768
kinetic_fourier21,gaussian_honeycomb,251,exact_cluster,v3-pilot-gaussian_honeycomb-exact-000,0.07257549586393769,0.01798170804977417,0.017981812357902527,0.0359635204076767,0.22381019592285156,4.090638938691882e-08,1.1450856618466787e-07,3.010577898088229e-13,0.1115971440676102,21,not_applicable,nan,21.041500149294734
fourier_shell3,gaussian_honeycomb,251,exact_cluster,v3-pilot-gaussian_honeycomb-exact-001,0.051689866186274594,0.013874553143978119,0.01420273631811142,0.02807728946208954,0.27104800939559937,6.084215498081136e-08,2.255418820595878e-07,1.1581860470677441e-10,0.09008790386868666,37,not_applicable,nan,61.360958963632584
wang_xie_adapted,gaussian_honeycomb,251,exact_cluster,v3-pilot-gaussian_honeycomb-exact-001,0.2445080263016207,0.026721931993961334,0.0565783753991127,0.08330030739307404,0.3572489321231842,7.880954400185658e-08,2.639973502027715e-07,1.1581860470677441e-10,0.09008790386868666,2,not_applicable,nan,0.7864590734243393
dai_adapted,gaussian_honeycomb,251,exact_cluster,v3-pilot-gaussian_honeycomb-exact-001,0.43210473125492366,0.03613722324371338,0.07280153781175613,0.10893876105546951,0.24683015048503876,1.3710475310624304e-07,5.000150122214109e-05,1.1581860470677441e-10,0.09008790386868666,6,not_applicable,nan,109.55008398741484
long_anchor,gaussian_honeycomb,251,exact_cluster,v3-pilot-gaussian_honeycomb-exact-001,0.13297009602517992,0.02489262819290161,0.03689080476760864,0.061783432960510254,0.34137386083602905,5.395684499198694e-08,2.0419396662418876e-07,1.1581860470677441e-10,0.09008790386868666,2,not_applicable,nan,0.905041117221117
sc_narr_shell1,gaussian_honeycomb,251,exact_cluster,v3-pilot-gaussian_honeycomb-exact-001,0.05225933448996148,0.011163413524627686,0.014441259205341339,0.025604672729969025,0.2635164260864258,2.489269890215695e-08,1.111110137230753e-07,1.1581860470677441e-10,0.09008790386868666,9,not_applicable,nan,37.29583299718797
sc_narr,gaussian_honeycomb,251,exact_cluster,v3-pilot-gaussian_honeycomb-exact-001,0.04795863965911975,0.011030919849872589,0.013872511684894562,0.02490343153476715,0.2636827528476715,5.5450173785942525e-08,1.0922446591621338e-07,1.1581860470677441e-10,0.09008790386868666,21,not_applicable,nan,52.951541962102056
sc_hybrid25,gaussian_honeycomb,251,exact_cluster,v3-pilot-gaussian_honeycomb-exact-001,0.04740707863132878,0.010895684361457825,0.013755828142166138,0.024651512503623962,0.2637283205986023,6.377723527073442e-08,1.3350802419154206e-07,1.1581860470677441e-10,0.09008790386868666,25,not_applicable,nan,61.22904201038182
sr_routed25,gaussian_honeycomb,251,exact_cluster,v3-pilot-gaussian_honeycomb-exact-001,0.04740707863132878,0.010895684361457825,0.013755828142166138,0.024651512503623962,0.2637283205986023,6.377723527073442e-08,1.3350802419154206e-07,1.1581860470677441e-10,0.09008790386868666,25,hybrid,0.9535636305809021,67.77508300729096
fourier_shell2,gaussian_honeycomb,251,exact_cluster,v3-pilot-gaussian_honeycomb-exact-001,0.08363220388018856,0.020235657691955566,0.02189905196428299,0.042134709656238556,0.26695412397384644,1.7815263819720428e-07,1.173291650502506e-07,1.1581860470677441e-10,0.09008790386868666,19,not_applicable,nan,18.093999940901995
kinetic_fourier21,gaussian_honeycomb,251,exact_cluster,v3-pilot-gaussian_honeycomb-exact-001,0.07428423988058327,0.019454888999462128,0.019454985857009888,0.038909874856472015,0.2701103091239929,6.719767875473792e-08,5.20670866421824e-08,1.1581860470677441e-10,0.09008790386868666,21,not_applicable,nan,21.243917057290673
kinetic_fourier25,gaussian_honeycomb,251,exact_cluster,v3-pilot-gaussian_honeycomb-exact-001,0.06203718538579617,0.01681794971227646,0.016818054020404816,0.033636003732681274,0.2727651596069336,4.534262187938509e-08,1.425905793439597e-07,1.1581860470677441e-10,0.09008790386868666,27,not_applicable,nan,33.75174989923835
kinetic_fourier21,gaussian_honeycomb,251,near_cluster,v3-pilot-gaussian_honeycomb-near-000,0.15924796864843735,0.0683547705411911,0.06922946125268936,0.13758423924446106,0.4157339632511139,7.424058501293018e-08,2.448216264383518e-06,0.004245626419986992,0.23974813148238117,21,not_applicable,nan,21.24033309519291
kinetic_fourier25,gaussian_honeycomb,251,near_cluster,v3-pilot-gaussian_honeycomb-near-000,0.13922128703791198,0.0625237450003624,0.05940999463200569,0.12193374335765839,0.41921597719192505,5.046709006251149e-08,5.652299819303153e-07,0.004245626419986992,0.23974813148238117,25,not_applicable,nan,29.596874956041574
fourier_shell3,gaussian_honeycomb,251,near_cluster,v3-pilot-gaussian_honeycomb-near-000,0.10301943764032688,0.04526973515748978,0.04460861161351204,0.08987835049629211,0.41232991218566895,6.936608132335209e-08,1.3038514907748322e-06,0.004245626419986992,0.23974813148238117,37,not_applicable,nan,61.31212506443262
wang_xie_adapted,gaussian_honeycomb,251,near_cluster,v3-pilot-gaussian_honeycomb-near-000,0.1921630003627576,0.02938489243388176,0.042896680533885956,0.07228156924247742,0.361080139875412,1.374129563469495e-07,4.129103103878151e-07,0.004245626419986992,0.23974813148238117,2,not_applicable,nan,0.849124975502491
dai_adapted,gaussian_honeycomb,251,near_cluster,v3-pilot-gaussian_honeycomb-near-000,0.4540173466683432,0.12047931551933289,0.18578839302062988,0.30626770853996277,0.35305097699165344,9.446005044821959e-08,9.050335211213678e-05,0.004245626419986992,0.23974813148238117,6,not_applicable,nan,108.98370784707367
long_anchor,gaussian_honeycomb,251,near_cluster,v3-pilot-gaussian_honeycomb-near-000,0.1460550417063462,0.04066359996795654,0.04839566349983215,0.0890592634677887,0.37145233154296875,1.786004939496877e-07,7.322470310100471e-07,0.004245626419986992,0.23974813148238117,2,not_applicable,nan,0.8911250624805689
sc_narr_shell1,gaussian_honeycomb,251,near_cluster,v3-pilot-gaussian_honeycomb-near-000,0.10276814740684044,0.03357747569680214,0.04724336043000221,0.08082083612680435,0.39226633310317993,7.797104140117028e-08,8.236833082264639e-07,0.004245626419986992,0.23974813148238117,9,not_applicable,nan,37.22000005654991
sc_narr,gaussian_honeycomb,251,near_cluster,v3-pilot-gaussian_honeycomb-near-000,0.09522954530414256,0.03303167223930359,0.04494115710258484,0.07797282934188843,0.3920550048351288,4.2781237219458035e-08,1.300824692407332e-06,0.004245626419986992,0.23974813148238117,21,not_applicable,nan,52.71770805120468
sc_hybrid25,gaussian_honeycomb,251,near_cluster,v3-pilot-gaussian_honeycomb-near-000,0.09401984072972085,0.032595038414001465,0.04444184899330139,0.07703688740730286,0.3921767473220825,4.033388445456865e-08,1.1179964758412098e-06,0.004245626419986992,0.23974813148238117,25,not_applicable,nan,60.418666107580066
sr_routed25,gaussian_honeycomb,251,near_cluster,v3-pilot-gaussian_honeycomb-near-000,0.09401984072972085,0.032595038414001465,0.04444184899330139,0.07703688740730286,0.3921767473220825,4.033388445456865e-08,1.1179964758412098e-06,0.004245626419986992,0.23974813148238117,25,hybrid,0.9080634713172913,67.8116250783205
fourier_shell2,gaussian_honeycomb,251,near_cluster,v3-pilot-gaussian_honeycomb-near-000,0.18192932398444348,0.07716543227434158,0.07556699216365814,0.15273243188858032,0.40816041827201843,2.128719078786645e-07,1.0018183274951298e-05,0.004245626419986992,0.23974813148238117,19,not_applicable,nan,17.6188750192523
kinetic_fourier25,gaussian_honeycomb,251,near_cluster,v3-pilot-gaussian_honeycomb-near-001,0.08979610249477632,0.029433995485305786,0.02779141440987587,0.057225409895181656,0.2962610721588135,1.212681479678679e-07,3.854257499824598e-07,0.002843535571306781,0.1521728151730666,25,not_applicable,nan,28.268667170777917
fourier_shell3,gaussian_honeycomb,251,near_cluster,v3-pilot-gaussian_honeycomb-near-001,0.06564451818584334,0.02026338130235672,0.02087077870965004,0.04113416001200676,0.2856327295303345,4.931962682697133e-08,1.0079824050990283e-06,0.002843535571306781,0.1521728151730666,37,not_applicable,nan,60.46999990940094
wang_xie_adapted,gaussian_honeycomb,251,near_cluster,v3-pilot-gaussian_honeycomb-near-001,0.14314006592674766,0.013955749571323395,0.017701443284749985,0.03165719285607338,0.23663803935050964,6.350085124395832e-08,2.2391508025521034e-07,0.002843535571306781,0.1521728151730666,2,not_applicable,nan,0.78354193829
dai_adapted,gaussian_honeycomb,251,near_cluster,v3-pilot-gaussian_honeycomb-near-001,0.4745480969796837,0.06457580626010895,0.11983522027730942,0.18441101908683777,0.2697705924510956,1.3258064190946328e-07,3.765857400139794e-05,0.002843535571306781,0.1521728151730666,6,not_applicable,nan,109.47104194201529
long_anchor,gaussian_honeycomb,251,near_cluster,v3-pilot-gaussian_honeycomb-near-001,0.088326204029616,0.01893170364201069,0.020438995212316513,0.03937070071697235,0.26081204414367676,1.437873975985335e-07,6.280580464590457e-07,0.002843535571306781,0.1521728151730666,2,not_applicable,nan,0.8949590846896172
sc_narr_shell1,gaussian_honeycomb,251,near_cluster,v3-pilot-gaussian_honeycomb-near-001,0.0650787542755834,0.016786551102995872,0.019545432180166245,0.03633198142051697,0.26912444829940796,1.7237988680918193e-07,5.981464710202999e-07,0.002843535571306781,0.1521728151730666,9,not_applicable,nan,37.379167042672634
sc_narr,gaussian_honeycomb,251,near_cluster,v3-pilot-gaussian_honeycomb-near-001,0.06050956510740044,0.01649601198732853,0.018620677292346954,0.035116687417030334,0.268738716840744,8.446276766882477e-08,8.045485628827009e-07,0.002843535571306781,0.1521728151730666,21,not_applicable,nan,52.698791958391666
sc_hybrid25,gaussian_honeycomb,251,near_cluster,v3-pilot-gaussian_honeycomb-near-001,0.05965403019321166,0.016296440735459328,0.01836109533905983,0.03465753793716431,0.26860806345939636,2.257413922457374e-08,3.578277869564772e-07,0.002843535571306781,0.1521728151730666,25,not_applicable,nan,61.494499910622835
sr_routed25,gaussian_honeycomb,251,near_cluster,v3-pilot-gaussian_honeycomb-near-001,0.05965403019321166,0.016296440735459328,0.01836109533905983,0.03465753793716431,0.26860806345939636,2.257413922457374e-08,3.578277869564772e-07,0.002843535571306781,0.1521728151730666,25,hybrid,0.9081848859786987,68.00254108384252
fourier_shell2,gaussian_honeycomb,251,near_cluster,v3-pilot-gaussian_honeycomb-near-001,0.11923525304698514,0.0346844457089901,0.03851095959544182,0.07319540530443192,0.293989360332489,4.68768122097174e-08,2.855818479474692e-07,0.002843535571306781,0.1521728151730666,19,not_applicable,nan,17.746292054653168
kinetic_fourier21,gaussian_honeycomb,251,near_cluster,v3-pilot-gaussian_honeycomb-near-001,0.10323261507266267,0.03249059244990349,0.032719820737838745,0.06521041691303253,0.29671710729599,1.423636759589897e-07,2.2272810440426838e-07,0.002843535571306781,0.1521728151730666,21,not_applicable,nan,21.219416987150908
fourier_shell3,gaussian_honeycomb,251,near_cluster,v3-pilot-gaussian_honeycomb-near-002,0.018351189027121476,0.002275824546813965,0.002335652709007263,0.004611477255821228,0.11172991991043091,3.411246463080886e-08,7.554741188187108e-08,0.0036312841071918234,0.035012599271445066,37,not_applicable,nan,61.3471670076251
wang_xie_adapted,gaussian_honeycomb,251,near_cluster,v3-pilot-gaussian_honeycomb-near-002,0.11311894744703764,0.003732830286026001,0.007373258471488953,0.011106088757514954,0.12200719118118286,7.153437087126235e-08,4.398161479457485e-08,0.0036312841071918234,0.035012599271445066,2,not_applicable,nan,0.7832918781787157
dai_adapted,gaussian_honeycomb,251,near_cluster,v3-pilot-gaussian_honeycomb-near-002,0.5823124976126256,0.011810302734375,0.03887481987476349,0.05068512260913849,0.13149555027484894,4.56615438793051e-08,2.111024150508456e-05,0.0036312841071918234,0.035012599271445066,6,not_applicable,nan,110.54520914331079
long_anchor,gaussian_honeycomb,251,near_cluster,v3-pilot-gaussian_honeycomb-near-002,0.0937579564116314,0.009117379784584045,0.008353158831596375,0.01747053861618042,0.14224044978618622,6.336181068711255e-08,1.1305936453709364e-07,0.0036312841071918234,0.035012599271445066,2,not_applicable,nan,0.8889161981642246
sc_narr_shell1,gaussian_honeycomb,251,near_cluster,v3-pilot-gaussian_honeycomb-near-002,0.01877171654501543,0.0022627711296081543,0.0019586682319641113,0.004221439361572266,0.10705183446407318,1.2426018525246718e-07,2.7645569389278535e-08,0.0036312841071918234,0.035012599271445066,9,not_applicable,nan,37.24375017918646
sc_narr,gaussian_honeycomb,251,near_cluster,v3-pilot-gaussian_honeycomb-near-002,0.017290606308646518,0.002181500196456909,0.0018623769283294678,0.004043877124786377,0.10674465447664261,3.5929571285117447e-09,4.6721829960461037e-08,0.0036312841071918234,0.035012599271445066,21,not_applicable,nan,52.69016698002815
sc_hybrid25,gaussian_honeycomb,251,near_cluster,v3-pilot-gaussian_honeycomb-near-002,0.017021113238898825,0.00215815007686615,0.0018363744020462036,0.0039945244789123535,0.10659945756196976,8.623919822703385e-08,6.801057139682598e-08,0.0036312841071918234,0.035012599271445066,25,not_applicable,nan,60.55112509056926
sr_routed25,gaussian_honeycomb,251,near_cluster,v3-pilot-gaussian_honeycomb-near-002,0.017021113238898825,0.00215815007686615,0.0018363744020462036,0.0039945244789123535,0.10659945756196976,8.623919822703385e-08,6.801057139682598e-08,0.0036312841071918234,0.035012599271445066,25,hybrid,0.9466701149940491,68.0847498588264
fourier_shell2,gaussian_honeycomb,251,near_cluster,v3-pilot-gaussian_honeycomb-near-002,0.03166600676439489,0.003642067313194275,0.003957882523536682,0.007599949836730957,0.11725886911153793,4.301083156299512e-08,9.103324316583894e-08,0.0036312841071918234,0.035012599271445066,19,not_applicable,nan,17.49595790170133
kinetic_fourier21,gaussian_honeycomb,251,near_cluster,v3-pilot-gaussian_honeycomb-near-002,0.027394407727539614,0.0034291595220565796,0.0034314095973968506,0.00686056911945343,0.11710263788700104,9.226908781467813e-08,3.0964599773142254e-08,0.0036312841071918234,0.035012599271445066,21,not_applicable,nan,21.227624965831637
kinetic_fourier25,gaussian_honeycomb,251,near_cluster,v3-pilot-gaussian_honeycomb-near-002,0.024111074543320978,0.003139674663543701,0.0029739737510681152,0.006113648414611816,0.1160716861486435,9.30289250078431e-08,4.723339230849888e-08,0.0036312841071918234,0.035012599271445066,25,not_applicable,nan,29.320166911929846
fourier_shell2,gaussian_honeycomb,251,strict_ood,v3-pilot-gaussian_honeycomb-ood-000,0.17510604578923805,0.06513706594705582,0.054916296154260635,0.12005336582660675,0.39197221398353577,3.867792464085085e-08,3.506622476834309e-07,0.0615945881183697,0.16538686457228097,19,not_applicable,nan,17.751290928572416
kinetic_fourier21,gaussian_honeycomb,251,strict_ood,v3-pilot-gaussian_honeycomb-ood-000,0.15590184937501786,0.05978911370038986,0.051404476165771484,0.11119358986616135,0.40072908997535706,1.5671047881582467e-07,2.8266455842640426e-07,0.0615945881183697,0.16538686457228097,21,not_applicable,nan,21.430833032354712
kinetic_fourier25,gaussian_honeycomb,251,strict_ood,v3-pilot-gaussian_honeycomb-ood-000,0.13714728857239825,0.05530380457639694,0.04543532431125641,0.10073912888765335,0.4080356955528259,1.3157142486619477e-07,2.651148065524467e-07,0.0615945881183697,0.16538686457228097,25,not_applicable,nan,29.009167104959488
fourier_shell3,gaussian_honeycomb,251,strict_ood,v3-pilot-gaussian_honeycomb-ood-000,0.10657555262524712,0.043626897037029266,0.03585626184940338,0.07948315888643265,0.41219431161880493,1.0467608180242394e-07,8.623599683232896e-07,0.0615945881183697,0.16538686457228097,37,not_applicable,nan,61.225624987855554
wang_xie_adapted,gaussian_honeycomb,251,strict_ood,v3-pilot-gaussian_honeycomb-ood-000,0.2568860422267798,0.05455012992024422,0.06146005913615227,0.11601018905639648,0.46764451265335083,1.1868845661498267e-08,9.338135669167968e-07,0.0615945881183697,0.16538686457228097,2,not_applicable,nan,0.8613329846411943
dai_adapted,gaussian_honeycomb,251,strict_ood,v3-pilot-gaussian_honeycomb-ood-000,0.4157145575858602,0.10979490727186203,0.11034464836120605,0.22013956308364868,0.33123043179512024,8.478421631430422e-08,0.00012252370652277023,0.0615945881183697,0.16538686457228097,6,not_applicable,nan,107.6555410400033
long_anchor,gaussian_honeycomb,251,strict_ood,v3-pilot-gaussian_honeycomb-ood-000,0.20845144523956663,0.050424106419086456,0.05400293692946434,0.1044270396232605,0.449905127286911,3.243181412315721e-08,8.494747021359217e-07,0.0615945881183697,0.16538686457228097,2,not_applicable,nan,0.9001248981803656
sc_narr_shell1,gaussian_honeycomb,251,strict_ood,v3-pilot-gaussian_honeycomb-ood-000,0.10747335770830882,0.038190215826034546,0.03561145067214966,0.0738016664981842,0.400265097618103,1.9754124203075207e-07,1.0870542155316798e-06,0.0615945881183697,0.16538686457228097,9,not_applicable,nan,37.13895892724395
sc_narr,gaussian_honeycomb,251,strict_ood,v3-pilot-gaussian_honeycomb-ood-000,0.09644642461413959,0.03686709702014923,0.03373734652996063,0.07060444355010986,0.4014483094215393,6.675546426748724e-08,7.586158972117119e-07,0.0615945881183697,0.16538686457228097,21,not_applicable,nan,52.658208878710866
sc_hybrid25,gaussian_honeycomb,251,strict_ood,v3-pilot-gaussian_honeycomb-ood-000,0.09520060084776116,0.03641241043806076,0.03336537629365921,0.06977778673171997,0.4019223749637604,3.395526759764067e-08,8.58172711559746e-07,0.0615945881183697,0.16538686457228097,25,not_applicable,nan,60.50670798867941
sr_routed25,gaussian_honeycomb,251,strict_ood,v3-pilot-gaussian_honeycomb-ood-000,0.09520060084776116,0.03641241043806076,0.03336537629365921,0.06977778673171997,0.4019223749637604,3.395526759764067e-08,8.58172711559746e-07,0.0615945881183697,0.16538686457228097,25,hybrid,0.9383530616760254,68.29908303916454
kinetic_fourier21,gaussian_honeycomb,251,strict_ood,v3-pilot-gaussian_honeycomb-ood-001,0.02797345173198378,0.0025205686688423157,0.00243493914604187,0.004955507814884186,0.07840482890605927,1.1899134833015523e-07,8.036101917241467e-08,0.03904797696890873,0.05987454894637591,21,not_applicable,nan,21.292125107720494
kinetic_fourier25,gaussian_honeycomb,251,strict_ood,v3-pilot-gaussian_honeycomb-ood-001,0.022695197873899318,0.002094477415084839,0.0018670111894607544,0.003961488604545593,0.07470298558473587,5.0831337250478725e-08,8.260149542138606e-08,0.03904797696890873,0.05987454894637591,25,not_applicable,nan,28.94054213538766
fourier_shell3,gaussian_honeycomb,251,strict_ood,v3-pilot-gaussian_honeycomb-ood-001,0.015254836716864579,0.0012318342924118042,0.0010803192853927612,0.0023121535778045654,0.06365356594324112,6.954082709675902e-08,1.308095676222365e-07,0.03904797696890873,0.05987454894637591,37,not_applicable,nan,60.44529192149639
wang_xie_adapted,gaussian_honeycomb,251,strict_ood,v3-pilot-gaussian_honeycomb-ood-001,0.2991624257583364,0.013327963650226593,0.007828325033187866,0.02115628868341446,0.07234161347150803,6.279780636631422e-08,5.070537056894864e-08,0.03904797696890873,0.05987454894637591,2,not_applicable,nan,0.7866669911891222
dai_adapted,gaussian_honeycomb,251,strict_ood,v3-pilot-gaussian_honeycomb-ood-001,0.6896038178414823,0.047090984880924225,0.08308455348014832,0.13017553091049194,0.148026242852211,2.1417908335763514e-08,1.0209285392193124e-05,0.03904797696890873,0.05987454894637591,6,not_applicable,nan,108.30233385786414
long_anchor,gaussian_honeycomb,251,strict_ood,v3-pilot-gaussian_honeycomb-ood-001,0.3189090825780533,0.010734565556049347,0.011101976037025452,0.0218365415930748,0.07808913290500641,1.2327368840934228e-07,6.2787719912194e-08,0.03904797696890873,0.05987454894637591,2,not_applicable,nan,0.9089168161153793
sc_narr_shell1,gaussian_honeycomb,251,strict_ood,v3-pilot-gaussian_honeycomb-ood-001,0.02223640981665524,0.0015208199620246887,0.0014043301343917847,0.0029251500964164734,0.06294002383947372,5.698964256062311e-08,6.032934862787442e-08,0.03904797696890873,0.05987454894637591,9,not_applicable,nan,37.21270803362131
sc_narr,gaussian_honeycomb,251,strict_ood,v3-pilot-gaussian_honeycomb-ood-001,0.01564552826697415,0.0011655613780021667,0.0011006146669387817,0.0022661760449409485,0.06033741682767868,8.23716994613477e-08,1.0806124350892787e-07,0.03904797696890873,0.05987454894637591,21,not_applicable,nan,52.39249998703599
sc_hybrid25,gaussian_honeycomb,251,strict_ood,v3-pilot-gaussian_honeycomb-ood-001,0.014991308246628176,0.0010885894298553467,0.0010834485292434692,0.002172037959098816,0.059771277010440826,1.0948049888881428e-07,6.87105696783874e-08,0.03904797696890873,0.05987454894637591,25,not_applicable,nan,60.855000047013164
sr_routed25,gaussian_honeycomb,251,strict_ood,v3-pilot-gaussian_honeycomb-ood-001,0.014991308246628176,0.0010885894298553467,0.0010834485292434692,0.002172037959098816,0.059771277010440826,1.0948049888881428e-07,6.87105696783874e-08,0.03904797696890873,0.05987454894637591,25,hybrid,0.8308379054069519,67.58358399383724
fourier_shell2,gaussian_honeycomb,251,strict_ood,v3-pilot-gaussian_honeycomb-ood-001,0.036105450174106365,0.003395065665245056,0.0028377175331115723,0.006232783198356628,0.08102864027023315,1.4135857751007563e-07,5.950149883915401e-08,0.03904797696890873,0.05987454894637591,19,not_applicable,nan,17.712124856188893
kinetic_fourier25,gaussian_honeycomb,251,strict_ood,v3-pilot-gaussian_honeycomb-ood-002,0.10209621853378308,0.030400238931179047,0.028950653970241547,0.05935089290142059,0.2975187301635742,5.561911542439901e-08,5.29468138665834e-07,0.03808685056606133,0.16455670921104515,25,not_applicable,nan,28.80874997936189
fourier_shell3,gaussian_honeycomb,251,strict_ood,v3-pilot-gaussian_honeycomb-ood-002,0.07383921928526663,0.020778607577085495,0.021470893174409866,0.04224950075149536,0.28658512234687805,6.652470396772969e-08,1.2235966551088495e-06,0.03808685056606133,0.16455670921104515,37,not_applicable,nan,60.72399998083711
wang_xie_adapted,gaussian_honeycomb,251,strict_ood,v3-pilot-gaussian_honeycomb-ood-002,0.18347574348723492,0.01691967435181141,0.02484498918056488,0.04176466166973114,0.23651745915412903,1.0557527685417512e-07,9.418145623385499e-07,0.03808685056606133,0.16455670921104515,2,not_applicable,nan,0.7736659608781338
dai_adapted,gaussian_honeycomb,251,strict_ood,v3-pilot-gaussian_honeycomb-ood-002,0.39362714747161687,0.07923542708158493,0.09677769243717194,0.17601311206817627,0.27541330456733704,8.145566332551368e-08,0.0001175423531094566,0.03808685056606133,0.16455670921104515,6,not_applicable,nan,112.93854215182364
long_anchor,gaussian_honeycomb,251,strict_ood,v3-pilot-gaussian_honeycomb-ood-002,0.21900868626976194,0.021291600540280342,0.037503521889448166,0.05879512429237366,0.2643469274044037,7.062833062843055e-08,3.728048909579229e-07,0.03808685056606133,0.16455670921104515,2,not_applicable,nan,0.9211250580847263
sc_narr_shell1,gaussian_honeycomb,251,strict_ood,v3-pilot-gaussian_honeycomb-ood-002,0.07225713245614818,0.01998753659427166,0.018050238490104675,0.038037776947021484,0.2691406309604645,1.3274489440995296e-07,1.1237482340220595e-06,0.03808685056606133,0.16455670921104515,9,not_applicable,nan,37.170124938711524
sc_narr,gaussian_honeycomb,251,strict_ood,v3-pilot-gaussian_honeycomb-ood-002,0.0667739795019611,0.01905992068350315,0.017300117760896683,0.03636004030704498,0.26901113986968994,1.9568717890550147e-07,1.1744890571208089e-06,0.03808685056606133,0.16455670921104515,21,not_applicable,nan,52.693708101287484
sc_hybrid25,gaussian_honeycomb,251,strict_ood,v3-pilot-gaussian_honeycomb-ood-002,0.06530051313739865,0.018695201724767685,0.01691855862736702,0.035613760352134705,0.268755167722702,7.447043204322767e-08,1.0532721717027016e-06,0.03808685056606133,0.16455670921104515,25,not_applicable,nan,60.535833006724715
sr_routed25,gaussian_honeycomb,251,strict_ood,v3-pilot-gaussian_honeycomb-ood-002,0.06530051313739865,0.018695201724767685,0.01691855862736702,0.035613760352134705,0.268755167722702,7.447043204322767e-08,1.0532721717027016e-06,0.03808685056606133,0.16455670921104515,25,hybrid,0.9027104377746582,68.1965418625623
fourier_shell2,gaussian_honeycomb,251,strict_ood,v3-pilot-gaussian_honeycomb-ood-002,0.13824013212308378,0.03670281171798706,0.03919937461614609,0.07590218633413315,0.29421791434288025,1.9697942854612904e-07,4.57047605095795e-07,0.03808685056606133,0.16455670921104515,19,not_applicable,nan,17.70891691558063
kinetic_fourier21,gaussian_honeycomb,251,strict_ood,v3-pilot-gaussian_honeycomb-ood-002,0.12070662460392262,0.03364396467804909,0.034613508731126785,0.06825747340917587,0.29700180888175964,1.1627862162022495e-07,2.4807960130601714e-07,0.03808685056606133,0.16455670921104515,21,not_applicable,nan,21.313417004421353
kinetic_fourier21,gaussian_honeycomb,251,gap_scan,v3-pilot-gaussian_honeycomb-gap-000,0.10787642515557871,0.034458160400390625,0.03550531715154648,0.0699634775519371,0.29668128490448,1.033169683140045e-07,6.441384243771608e-07,0.011065496944497693,0.16953390052858983,21,not_applicable,nan,21.192874992266297
kinetic_fourier25,gaussian_honeycomb,251,gap_scan,v3-pilot-gaussian_honeycomb-gap-000,0.09258651115148088,0.03067999891936779,0.02967759594321251,0.06035759299993515,0.2947050631046295,1.0638048086875074e-07,4.2559773305583803e-07,0.011065496944497693,0.16953390052858983,25,not_applicable,nan,29.459042008966208
fourier_shell3,gaussian_honeycomb,251,gap_scan,v3-pilot-gaussian_honeycomb-gap-000,0.06661426374990033,0.021036777645349503,0.020959027111530304,0.041995804756879807,0.2791081964969635,8.465164724746899e-08,2.570782953625894e-06,0.011065496944497693,0.16953390052858983,37,not_applicable,nan,60.557540971785784
wang_xie_adapted,gaussian_honeycomb,251,gap_scan,v3-pilot-gaussian_honeycomb-gap-000,0.18963621865632202,0.01585712470114231,0.026471193879842758,0.04232832044363022,0.2143353819847107,1.3716162272636723e-07,1.2671812328335363e-06,0.011065496944497693,0.16953390052858983,2,not_applicable,nan,0.7813749834895134
dai_adapted,gaussian_honeycomb,251,gap_scan,v3-pilot-gaussian_honeycomb-gap-000,0.5152121714348767,0.07918284833431244,0.14040067791938782,0.21958352625370026,0.2732076942920685,1.5444091383542968e-07,0.00015144750068429857,0.011065496944497693,0.16953390052858983,6,not_applicable,nan,108.20345883257687
long_anchor,gaussian_honeycomb,251,gap_scan,v3-pilot-gaussian_honeycomb-gap-000,0.13339247234771684,0.02236873470246792,0.025616109371185303,0.04798484593629837,0.24153795838356018,9.265303955094664e-08,1.2704734899671166e-06,0.011065496944497693,0.16953390052858983,2,not_applicable,nan,0.8965840097516775
sc_narr_shell1,gaussian_honeycomb,251,gap_scan,v3-pilot-gaussian_honeycomb-gap-000,0.06900392074024264,0.015234596095979214,0.02219913713634014,0.03743373230099678,0.26077529788017273,1.5173728851181068e-07,2.3793961645424133e-06,0.011065496944497693,0.16953390052858983,9,not_applicable,nan,36.96924983523786
sc_narr,gaussian_honeycomb,251,gap_scan,v3-pilot-gaussian_honeycomb-gap-000,0.06173405838926678,0.014624744653701782,0.02096370793879032,0.035588450729846954,0.2598889470100403,9.022050129203762e-08,2.5607203042454785e-06,0.011065496944497693,0.16953390052858983,21,not_applicable,nan,52.96624987386167
sc_hybrid25,gaussian_honeycomb,251,gap_scan,v3-pilot-gaussian_honeycomb-gap-000,0.06092687809342357,0.014466755092144012,0.020698076114058495,0.035164833068847656,0.25972360372543335,1.3799801279468227e-07,2.632784344314132e-06,0.011065496944497693,0.16953390052858983,25,not_applicable,nan,60.74995896779001
sr_routed25,gaussian_honeycomb,251,gap_scan,v3-pilot-gaussian_honeycomb-gap-000,0.06092687809342357,0.014466755092144012,0.020698076114058495,0.035164833068847656,0.25972360372543335,1.3799801279468227e-07,2.632784344314132e-06,0.011065496944497693,0.16953390052858983,25,hybrid,0.888590931892395,68.13000002875924
fourier_shell2,gaussian_honeycomb,251,gap_scan,v3-pilot-gaussian_honeycomb-gap-000,0.12682529835577108,0.041560858488082886,0.03867466747760773,0.08023552596569061,0.29460278153419495,7.190211293028881e-08,3.6442742157305474e-07,0.011065496944497693,0.16953390052858983,19,not_applicable,nan,17.73824985139072
kinetic_fourier25,gaussian_honeycomb,251,gap_scan,v3-pilot-gaussian_honeycomb-gap-001,0.015583515485106685,0.0010547861456871033,0.0009517520666122437,0.002006538212299347,0.06624932587146759,1.1608405814378386e-07,3.4888813615907566e-08,0.04288405987401406,0.044633216371601975,25,not_applicable,nan,29.181791935116053
fourier_shell3,gaussian_honeycomb,251,gap_scan,v3-pilot-gaussian_honeycomb-gap-001,0.011954183358088089,0.0007909312844276428,0.0007196366786956787,0.0015105679631233215,0.06313946098089218,1.284010868740637e-07,4.690441102184195e-08,0.04288405987401406,0.044633216371601975,37,not_applicable,nan,60.98654097877443
wang_xie_adapted,gaussian_honeycomb,251,gap_scan,v3-pilot-gaussian_honeycomb-gap-001,0.5612980809826277,0.01930488646030426,0.02714194357395172,0.04644683003425598,0.09123653173446655,6.084585590926395e-08,4.068871106710503e-08,0.04288405987401406,0.044633216371601975,2,not_applicable,nan,0.7847079541534185
dai_adapted,gaussian_honeycomb,251,gap_scan,v3-pilot-gaussian_honeycomb-gap-001,0.7014893059937989,0.028260767459869385,0.04537767171859741,0.0736384391784668,0.12976473569869995,1.1021518808718156e-07,1.00598908829852e-05,0.04288405987401406,0.044633216371601975,6,not_applicable,nan,107.54325008019805
long_anchor,gaussian_honeycomb,251,gap_scan,v3-pilot-gaussian_honeycomb-gap-001,0.5138713878158832,0.019949883222579956,0.02622997760772705,0.04617986083030701,0.10804543644189835,2.010929014417684e-07,1.2002543314793002e-07,0.04288405987401406,0.044633216371601975,2,not_applicable,nan,0.9031249210238457
sc_narr_shell1,gaussian_honeycomb,251,gap_scan,v3-pilot-gaussian_honeycomb-gap-001,0.01434457294873939,0.0007328540086746216,0.0007454454898834229,0.0014782994985580444,0.06043986976146698,8.96726146670801e-08,4.4635640961132594e-08,0.04288405987401406,0.044633216371601975,9,not_applicable,nan,36.987333092838526
sc_narr,gaussian_honeycomb,251,gap_scan,v3-pilot-gaussian_honeycomb-gap-001,0.011494321939809322,0.0006365776062011719,0.0006606578826904297,0.0012972354888916016,0.059827424585819244,6.657479301175329e-08,5.4125202098020964e-08,0.04288405987401406,0.044633216371601975,21,not_applicable,nan,52.3588340729475
sc_hybrid25,gaussian_honeycomb,251,gap_scan,v3-pilot-gaussian_honeycomb-gap-001,0.011365026194659076,0.0006328672170639038,0.0006548762321472168,0.0012877434492111206,0.05978976562619209,1.005373075901872e-07,5.921343770864951e-08,0.04288405987401406,0.044633216371601975,25,not_applicable,nan,61.532000079751015
sr_routed25,gaussian_honeycomb,251,gap_scan,v3-pilot-gaussian_honeycomb-gap-001,0.011365026194659076,0.0006328672170639038,0.0006548762321472168,0.0012877434492111206,0.05978976562619209,1.005373075901872e-07,5.921343770864951e-08,0.04288405987401406,0.044633216371601975,25,hybrid,0.9426866769790649,68.27050005085766
fourier_shell2,gaussian_honeycomb,251,gap_scan,v3-pilot-gaussian_honeycomb-gap-001,0.02106037898339175,0.0013834312558174133,0.001228630542755127,0.0026120617985725403,0.06751493364572525,2.8094795156974328e-08,2.125152676057951e-08,0.04288405987401406,0.044633216371601975,19,not_applicable,nan,17.43325009010732
kinetic_fourier21,gaussian_honeycomb,251,gap_scan,v3-pilot-gaussian_honeycomb-gap-001,0.017936159996520814,0.001171901822090149,0.0010861456394195557,0.0022580474615097046,0.0670853778719902,3.2196423305208555e-08,5.026691596299315e-08,0.04288405987401406,0.044633216371601975,21,not_applicable,nan,21.188166923820972
